Action,Time,ISIN,Ticker,Name,Notes,ID,No. of shares,Price / share,Currency (Price / share),Exchange rate,Result,Currency (Result),Total,Currency (Total),Withholding tax,Currency (Withholding tax),Stamp duty reserve tax,Currency (Stamp duty reserve tax),Currency conversion fee,Currency (Currency conversion fee),French transaction tax,Currency (French transaction tax)
Interest on cash,2025-01-26 02:03:12,,,,"Interest on cash",6dcea8df-2601-4bd3-b58d-94dc7e0d01c7,,,,,,,0.03,"EUR",,,,,,,,
Interest on cash,2025-01-27 02:03:13,,,,"Interest on cash",230884db-8301-40a3-83fe-d2138cd497b5,,,,,,,0.03,"EUR",,,,,,,,
Lending interest,2025-01-27 03:45:24,,,,"Share lending interest",0128d48b-bdc9-446e-8103-eed349da51f3,,,,,,,0.15,"EUR",,,,,,,,
Interest on cash,2025-01-28 02:03:34,,,,"Interest on cash",45c0ee4c-d14e-46e8-880b-56168f21d3d9,,,,,,,0.03,"EUR",,,,,,,,
Lending interest,2025-01-28 03:42:26,,,,"Share lending interest",a66e58e3-c30c-424c-a22a-671ec26b88ba,,,,,,,0.07,"EUR",,,,,,,,
Market buy,2025-01-28 06:34:49,US67066G1040,NVDA,"Nvidia",,EOF27263836962,0.5103254000,122.6000000000,USD,1.04433139,,"EUR",60.00,"EUR",,,,,0.09,"EUR",,
Interest on cash,2025-01-29 02:03:17,,,,"Interest on cash",e98571de-7cb8-44a6-adc8-a65e46823d92,,,,,,,0.03,"EUR",,,,,,,,
Lending interest,2025-01-29 03:46:05,,,,"Share lending interest",02925aea-ea5e-495c-b453-3712db8e8e64,,,,,,,0.07,"EUR",,,,,,,,
Deposit,2025-01-29 08:25:35,,,,,6b316e16-42b9-42ee-854d-9784d15a1a6a,,,,,,,150.00,"EUR",,,,,,,,
Limit buy,2025-01-29 08:38:06,NL0010273215,ASML,"ASML",,EOF27309199198,0.2000000000,714.9000000000,EUR,1.00000000,,"EUR",142.98,"EUR",,,,,,,,
Interest on cash,2025-01-30 02:03:13,,,,"Interest on cash",da2bc20a-36f5-4e4d-98c7-8acb6da84159,,,,,,,0.03,"EUR",,,,,,,,
Lending interest,2025-01-30 03:52:06,,,,"Share lending interest",857eb872-2772-48f1-8432-073bf6187b00,,,,,,,0.07,"EUR",,,,,,,,
Interest on cash,2025-01-31 02:03:06,,,,"Interest on cash",61f084dc-7b7a-4259-a007-975c318ae5c7,,,,,,,0.03,"EUR",,,,,,,,
Lending interest,2025-01-31 03:55:32,,,,"Share lending interest",464fd5d8-7028-445d-be7d-794d61403645,,,,,,,0.07,"EUR",,,,,,,,
Dividend (Dividend),2025-01-31 12:24:51,US46625H1005,JPM,"JPMorgan Chase & Co",,,0.1571488000,1.062500,USD,0.95825253,,,0.16,"EUR",0.03,USD,,,,,,
Interest on cash,2025-02-01 02:03:23,,,,"Interest on cash",075c6e93-643f-49d4-85a7-16fc348b763c,,,,,,,0.03,"EUR",,,,,,,,
Interest on cash,2025-02-02 02:03:52,,,,"Interest on cash",d8a5ab60-70d5-470f-a365-7e84a1c42453,,,,,,,0.03,"EUR",,,,,,,,
Interest on cash,2025-02-03 02:03:15,,,,"Interest on cash",d59591f3-03d8-4fe3-b2c2-ac863102976f,,,,,,,0.02,"EUR",,,,,,,,
Lending interest,2025-02-03 03:55:05,,,,"Share lending interest",37ad84ee-29a3-422d-a1ca-e956629e277c,,,,,,,0.01,"EUR",,,,,,,,
Market buy,2025-02-03 08:10:15,IE00B3XXRP09,VUSA,"Vanguard S&P 500 (Dist)",,EOF27601166869,1.5824860000,91.8350100000,GBP,0.83167916,,"EUR",175.00,"EUR",,,,,0.26,"EUR",,
Interest on cash,2025-02-04 02:03:11,,,,"Interest on cash",1e4a8e60-896a-4443-a26c-444b4635673f,,,,,,,0.02,"EUR",,,,,,,,
Interest on cash,2025-02-05 02:03:17,,,,"Interest on cash",6a83aab8-f1ff-4a66-8f6f-73dd29c84bff,,,,,,,0.01,"EUR",,,,,,,,
Market buy,2025-02-05 09:59:19,LU1778762911,SPOT,"Spotify Technology",,EOF27657299819,0.0837317000,620.4400000000,USD,1.04046657,,"EUR",50.00,"EUR",,,,,0.07,"EUR",,
Interest on cash,2025-02-06 02:03:20,,,,"Interest on cash",894cba8f-31bd-4aa1-b869-3ea43ea8aa63,,,,,,,0.01,"EUR",,,,,,,,
Interest on cash,2025-02-07 02:03:23,,,,"Interest on cash",0dc9b04f-3d47-4737-a5c2-77449daf5ec0,,,,,,,0.01,"EUR",,,,,,,,
Deposit,2025-02-07 06:30:49,,,,"Bank Transfer",bfb2b760-5640-4a28-abc9-627b16976875,,,,,,,350.00,"EUR",,,,,,,,
Dividend (Dividend),2025-02-07 15:29:49,US57636Q1040,MA,"Mastercard",,,0.0706977000,0.646000,USD,0.87583478,,,0.04,"EUR",0.01,USD,,,,,,
Interest on cash,2025-02-08 02:03:19,,,,"Interest on cash",075463eb-af83-42ff-b3a1-306af211a9e6,,,,,,,0.04,"EUR",,,,,,,,
Interest on cash,2025-02-09 02:03:14,,,,"Interest on cash",bea26d04-fc33-4874-9b3b-bdade51cefee,,,,,,,0.04,"EUR",,,,,,,,
Interest on cash,2025-02-10 02:03:23,,,,"Interest on cash",b8f7800e-d7fc-431b-8e82-26a8e714e465,,,,,,,0.04,"EUR",,,,,,,,
Interest on cash,2025-02-11 02:03:21,,,,"Interest on cash",fcce1756-8b76-46e7-8042-13b4a0e1349e,,,,,,,0.04,"EUR",,,,,,,,
Interest on cash,2025-02-12 02:03:21,,,,"Interest on cash",d0c47117-6e0d-47d8-ba39-0b7247801b42,,,,,,,0.04,"EUR",,,,,,,,
Interest on cash,2025-02-13 02:16:23,,,,"Interest on cash",7a7c21d3-ca09-45e6-98bd-fd5506d184a0,,,,,,,0.04,"EUR",,,,,,,,
Dividend (Dividend),2025-02-13 13:11:11,US0378331005,AAPL,"Apple",,,1.0000000000,0.212500,USD,0.94117647,,,0.20,"EUR",0.04,USD,,,,,,
Interest on cash,2025-02-14 02:16:31,,,,"Interest on cash",f17f70fb-c897-4488-9c6e-4d9026503859,,,,,,,0.04,"EUR",,,,,,,,
Interest on cash,2025-02-15 01:16:34,,,,"Interest on cash",b4c7f39e-b083-4586-8dee-8977e0ec8b3b,,,,,,,0.04,"EUR",,,,,,,,
Interest on cash,2025-02-16 01:16:39,,,,"Interest on cash",072ae679-79ea-4b49-b51d-55a46d91aa12,,,,,,,0.04,"EUR",,,,,,,,
Interest on cash,2025-02-17 01:16:36,,,,"Interest on cash",d2310804-9369-4c3a-bca7-e965f5cc4612,,,,,,,0.04,"EUR",,,,,,,,
Deposit,2025-02-17 06:30:39,,,,"Bank Transfer",7a375297-f29b-4c53-bad2-5ba85f650ecc,,,,,,,100.00,"EUR",,,,,,,,
Deposit,2025-02-17 06:31:44,,,,"Bank Transfer",34a4de3c-eabf-4cfb-abc6-01538d7c6854,,,,,,,200.00,"EUR",,,,,,,,
Market buy,2025-02-17 08:07:41,IE00B3XXRP09,VUSA,"Vanguard S&P 500 (Dist)",,EOF28300062369,1.5764900000,92.2475000000,GBP,0.83224940,,"EUR",175.00,"EUR",,,,,0.26,"EUR",,
Market buy,2025-02-17 08:07:48,IE00B4L5Y983,IWDA,"iShares Core MSCI World (Acc)",,EOF28300062874,1.3835007000,113.4600000000,USD,1.04801702,,"EUR",150.00,"EUR",,,,,0.22,"EUR",,
Interest on cash,2025-02-18 01:16:30,,,,"Interest on cash",1e5f7d26-6eaf-4f09-af30-7c831739557e,,,,,,,0.03,"EUR",,,,,,,,
Lending interest,2025-02-18 03:54:39,,,,"Share lending interest",f0038c70-404a-4dfd-a3e3-f6d1a4862e0a,,,,,,,0.03,"EUR",,,,,,,,
Deposit,2025-02-18 07:00:04,,,,,5c88c51c-6c6c-48b8-8b29-78bef8295094,,,,,,,337.97,"EUR",,,,,,,,
Deposit,2025-02-18 07:30:12,,,,"Bank Transfer",e079f118-b645-47c2-898c-17abe023b8f5,,,,,,,10000.00,"EUR",,,,,,,,
Market buy,2025-02-18 08:00:20,IE00B4ND3602,EGLN,"iShares Physical Gold",,EOF28302141605,8.0000000000,54.0500000000,EUR,1.00000000,,"EUR",432.40,"EUR",,,,,,,,
Market buy,2025-02-18 08:00:26,DE0007164600,SAP,"SAP",,EOF28302141796,0.0489719000,279.7500000000,EUR,1.00000000,,"EUR",13.70,"EUR",,,,,,,,
Market buy,2025-02-18 08:00:32,ES0113900J37,BNC,"Banco Santander",,EOF28302142456,1.3433030000,484.0000000000,GBX,82.92839948,,"EUR",7.85,"EUR",,,,,0.01,"EUR",,
Market buy,2025-02-18 08:00:33,GB00B2B0DG97,REL,"RELX",,EOF28302142801,0.4264968900,4052.0000000000,GBX,82.96521355,,"EUR",20.96,"EUR",,,0.10,"EUR",0.03,"EUR",,
Market buy,2025-02-18 08:00:35,IE000M7V94E1,NUCG,"VanEck Uranium and Nuclear Technologies",,EOF28302143643,1.4168730000,26.5150000000,GBP,0.82950734,,"EUR",45.36,"EUR",,,,,0.07,"EUR",,
Market buy,2025-02-18 09:24:37,IE00B4ND3602,SGLN,"iShares Physical Gold",,EOF28304029242,0.0184577000,4487.0000000000,GBX,82.81969990,,"EUR",1.00,"EUR",,,,,,,,
Market buy,2025-02-18 14:30:00,US17275R1023,CSCO,"Cisco Systems",,EOF28351280153,0.2129180000,65.4400000000,USD,1.04526285,,"EUR",13.35,"EUR",,,,,0.02,"EUR",,
Market buy,2025-02-18 14:30:01,US5951121038,MU,"Micron Technology",,EOF28351281130,0.2547848000,102.7400000000,USD,1.04539098,,"EUR",25.08,"EUR",,,,,0.04,"EUR",,
Market buy,2025-02-18 14:30:01,US30303M1027,META,"Meta Platforms",,EOF28351281133,0.0110855000,737.2000000000,USD,1.04504227,,"EUR",7.83,"EUR",,,,,0.01,"EUR",,
Market buy,2025-02-18 14:30:01,US02079K3059,GOOGL,"Alphabet (Class A)",,EOF28351281124,0.1459388000,185.6600000000,USD,1.04533169,,"EUR",25.96,"EUR",,,,,0.04,"EUR",,
Market buy,2025-02-18 14:30:01,US02079K3059,GOOGL,"Alphabet (Class A)",,EOF28351281127,0.0997850000,185.6600000000,USD,1.04549001,,"EUR",17.75,"EUR",,,,,0.03,"EUR",,
Market buy,2025-02-18 14:30:01,US0231351067,AMZN,"Amazon",,EOF28351282646,0.0979542000,229.3000000000,USD,1.04517906,,"EUR",21.52,"EUR",,,,,0.03,"EUR",,
Market buy,2025-02-18 14:30:01,USN070592100,ASML,"ASML",,EOF28351282649,0.0289605000,758.9900000000,USD,1.04520826,,"EUR",21.06,"EUR",,,,,0.03,"EUR",,
Market buy,2025-02-18 14:30:01,US15643U1043,LEU,"Centrus Energy",,EOF28351282058,0.1218358000,112.4800000000,USD,1.04531584,,"EUR",13.13,"EUR",,,,,0.02,"EUR",,
Market buy,2025-02-18 14:30:01,US64110L1061,NFLX,"Netflix",,EOF28351282055,0.0125424300,1060.9900000000,USD,1.04535685,,"EUR",12.75,"EUR",,,,,0.02,"EUR",,
Market buy,2025-02-18 14:30:02,US5949181045,MSFT,"Microsoft",,EOF28351285908,0.0745705000,408.4200000000,USD,1.04516415,,"EUR",29.18,"EUR",,,,,0.04,"EUR",,
Market buy,2025-02-18 14:30:02,US5949181045,MSFT,"Microsoft",,EOF28351285911,0.0608728000,408.4200000000,USD,1.04548650,,"EUR",23.82,"EUR",,,,,0.04,"EUR",,
Market buy,2025-02-18 14:30:02,US87422Q1094,TLN,"Talen Energy",,EOF28351285905,0.0874664000,245.5800000000,USD,1.04525540,,"EUR",20.58,"EUR",,,,,0.03,"EUR",,
Market buy,2025-02-18 14:30:04,US79466L3024,CRM,"Salesforce",,EOF28351292980,0.0893392000,328.4000000000,USD,1.04520816,,"EUR",28.11,"EUR",,,,,0.04,"EUR",,
Market buy,2025-02-18 14:30:04,CA82509L1076,SHOP,"Shopify",,EOF28351292983,0.1018998000,128.7500000000,USD,1.04538639,,"EUR",12.57,"EUR",,,,,0.02,"EUR",,
Market buy,2025-02-18 14:30:04,US70450Y1038,PYPL,"PayPal",,EOF28351292977,0.1707390000,78.4300000000,USD,1.04535985,,"EUR",12.83,"EUR",,,,,0.02,"EUR",,
Market buy,2025-02-18 14:30:08,US46625H1005,JPM,"JPMorgan Chase & Co",,EOF28352652484,0.1195743000,276.9600000000,USD,1.04536925,,"EUR",31.73,"EUR",,,,,0.05,"EUR",,
Market buy,2025-02-18 14:30:13,CA13321L1085,CCJ,"Cameco",,EOF28352665230,0.4892070000,47.3000000000,USD,1.04514413,,"EUR",22.17,"EUR",,,,,0.03,"EUR",,
Market buy,2025-02-18 14:30:13,US0404132054,ANET,"Arista Networks",,EOF28352665227,0.2655138000,109.3600000000,USD,1.04523359,,"EUR",27.82,"EUR",,,,,0.04,"EUR",,
Market buy,2025-02-18 14:30:13,US21037T1097,CEG,"Constellation Energy",,EOF28352665202,0.0660785000,325.7000000000,USD,1.04525339,,"EUR",20.62,"EUR",,,,,0.03,"EUR",,
Market buy,2025-02-18 14:30:13,US17275R1023,CSCO,"Cisco Systems",,EOF28352665205,0.2360810000,65.3000000000,USD,1.04515859,,"EUR",14.77,"EUR",,,,,0.02,"EUR",,
Market buy,2025-02-18 14:30:14,US92826C8394,V,"Visa",,EOF28352679900,0.1274711000,353.8000000000,USD,1.04517439,,"EUR",43.21,"EUR",,,,,0.06,"EUR",,
Market buy,2025-02-18 14:30:14,US68389X1054,ORCL,"Oracle",,EOF28352679879,0.1365985000,177.1900000000,USD,1.04507289,,"EUR",23.19,"EUR",,,,,0.03,"EUR",,
Market buy,2025-02-18 14:30:14,US12468P1049,AI,"C3.ai",,EOF28352679882,0.1633440000,31.5800000000,USD,1.04632931,,"EUR",4.94,"EUR",,,,,0.01,"EUR",,
Market buy,2025-02-18 14:30:14,US8740391003,TSM,"Taiwan Semiconductor Manufacturing",,EOF28352687934,0.0376469000,204.8800000000,USD,1.04513507,,"EUR",7.39,"EUR",,,,,0.01,"EUR",,
Market buy,2025-02-18 14:30:14,US12468P1049,AI,"C3.ai",,EOF28352687937,0.4847770000,31.7300000000,USD,1.04497107,,"EUR",14.74,"EUR",,,,,0.02,"EUR",,
Market buy,2025-02-18 14:30:14,US57636Q1040,MA,"Mastercard",,EOF28352687931,0.0702953000,564.5100000000,USD,1.04537407,,"EUR",38.02,"EUR",,,,,0.06,"EUR",,
Market buy,2025-02-18 14:32:04,US01609W1027,BABA,"Alibaba",,EOF28354454773,0.2194479000,127.8800000000,USD,1.04478769,,"EUR",26.90,"EUR",,,,,0.04,"EUR",,
Market buy,2025-02-18 14:34:11,US67079K1007,SMR,"NuScale Power",,EOF28354464170,0.8111750000,23.3000000000,USD,1.04537486,,"EUR",18.11,"EUR",,,,,0.03,"EUR",,
Market buy,2025-02-18 20:51:50,US01609W1027,BABA,"Alibaba",,EOF28358399834,0.4118984000,126.6300000000,USD,1.04463637,,"EUR",50.00,"EUR",,,,,0.07,"EUR",,
Interest on cash,2025-02-19 01:16:39,,,,"Interest on cash",1767768a-9b26-41b5-a8ba-f877b62714e3,,,,,,,0.88,"EUR",,,,,,,,
Dividend (Dividend),2025-02-19 11:56:29,NL0010273215,ASML,"ASML",,,0.4000000000,1.292000,EUR,1.00000000,,,0.52,"EUR",0.09,EUR,,,,,,
Dividend (Dividend),2025-02-19 12:13:40,USN070592100,ASML,"ASML",,,0.1028915000,1.334894,USD,0.94649227,,,0.13,"EUR",0.02,USD,,,,,,
Interest on cash,2025-02-20 01:16:31,,,,"Interest on cash",84dba485-29db-4d33-ad86-d0298d7c597f,,,,,,,0.88,"EUR",,,,,,,,
Market buy,2025-02-20 08:13:11,DE0007164600,SAP,"SAP",,EOF28405996686,0.0451306000,276.7500000000,EUR,1.00000000,,"EUR",12.49,"EUR",,,,,,,,
Market buy,2025-02-20 08:13:15,GB00B2B0DG97,REL,"RELX",,EOF28405996709,0.2201770500,4005.0000000000,GBX,82.79897514,,"EUR",10.72,"EUR",,,0.05,"EUR",0.02,"EUR",,
Market buy,2025-02-20 14:30:01,USN070592100,ASML,"ASML",,EOF28451755423,0.0166167000,752.0000000000,USD,1.04567015,,"EUR",11.97,"EUR",,,,,0.02,"EUR",,
Market buy,2025-02-20 14:30:01,US5951121038,MU,"Micron Technology",,EOF28451755420,0.0769968000,103.9900000000,USD,1.04528684,,"EUR",7.67,"EUR",,,,,0.01,"EUR",,
Market buy,2025-02-20 14:30:01,US5949181045,MSFT,"Microsoft",,EOF28451756834,0.0203810000,415.4000000000,USD,1.04521819,,"EUR",8.11,"EUR",,,,,0.01,"EUR",,
Market buy,2025-02-20 14:30:03,US02079K3059,GOOGL,"Alphabet (Class A)",,EOF28451759950,0.0532608000,184.8300000000,USD,1.04503117,,"EUR",9.43,"EUR",,,,,0.01,"EUR",,
Market buy,2025-02-20 14:30:04,US68389X1054,ORCL,"Oracle",,EOF28451766322,0.0432077000,180.0000000000,USD,1.04534758,,"EUR",7.45,"EUR",,,,,0.01,"EUR",,
Market buy,2025-02-20 14:30:04,US12468P1049,AI,"C3.ai",,EOF28451766319,0.3217400000,30.5000000000,USD,1.04505537,,"EUR",9.40,"EUR",,,,,0.01,"EUR",,
Market buy,2025-02-20 14:30:04,US0404132054,ANET,"Arista Networks",,EOF28451766316,0.1092357000,104.5500000000,USD,1.04584179,,"EUR",10.94,"EUR",,,,,0.02,"EUR",,
Market buy,2025-02-20 14:30:04,US8740391003,TSM,"Taiwan Semiconductor Manufacturing",,EOF28451772255,0.0622723000,200.5000000000,USD,1.04569481,,"EUR",11.96,"EUR",,,,,0.02,"EUR",,
Interest on cash,2025-02-21 01:16:40,,,,"Interest on cash",ddd81c67-e04a-427c-a019-47c534e8caf4,,,,,,,0.87,"EUR",,,,,,,,
Lending interest,2025-02-21 03:46:53,,,,"Share lending interest",a51ac1d5-6fb3-4b68-8aad-ae333168d1ee,,,,,,,0.01,"EUR",,,,,,,,
Interest on cash,2025-02-22 01:16:38,,,,"Interest on cash",fd36bdf6-ba9b-458b-a457-dccb1ad406b4,,,,,,,0.87,"EUR",,,,,,,,
Lending interest,2025-02-22 04:03:11,,,,"Share lending interest",dad1b1c5-4918-4905-a7b2-80b178ae109d,,,,,,,0.01,"EUR",,,,,,,,
Interest on cash,2025-02-23 01:16:41,,,,"Interest on cash",84544aa0-b86a-4841-b532-9598cf705b46,,,,,,,0.87,"EUR",,,,,,,,
Market buy,2025-02-24 01:00:01,US67066G1040,NVDA,"Nvidia",,EOF28550920113,1.0000000000,135.5000000000,USD,1.05038759,,"EUR",129.19,"EUR",,,,,0.19,"EUR",,
Market buy,2025-02-24 01:00:02,US02079K3059,GOOGL,"Alphabet (Class A)",,EOF28550920640,1.0000000000,181.8000000000,USD,1.05038132,,"EUR",173.34,"EUR",,,,,0.26,"EUR",,
Market buy,2025-02-24 01:00:03,US0079031078,AMD,"Advanced Micro Devices",,EOF28550920779,0.7000000000,112.6400000000,USD,1.05046629,,"EUR",75.17,"EUR",,,,,0.11,"EUR",,
Interest on cash,2025-02-24 01:16:33,,,,"Interest on cash",1405726f-da58-40e0-8e32-56c7a2ebce5a,,,,,,,0.87,"EUR",,,,,,,,
Lending interest,2025-02-24 03:35:25,,,,"Share lending interest",3dbcaa45-0ab3-4602-baa4-939f408dcc73,,,,,,,0.01,"EUR",,,,,,,,
Market buy,2025-02-24 08:00:14,IE00B4ND3602,EGLN,"iShares Physical Gold",,EOF28550930254,1.8338510000,54.5300000000,EUR,1.00000000,,"EUR",100.00,"EUR",,,,,,,,
Interest on cash,2025-02-25 01:16:32,,,,"Interest on cash",99117934-880d-4b22-9c51-1ce0ec6da7de,,,,,,,0.83,"EUR",,,,,,,,
Lending interest,2025-02-25 04:00:09,,,,"Share lending interest",a59827b3-8d1e-4ed5-8abc-4ebde1f72608,,,,,,,0.01,"EUR",,,,,,,,
Interest on cash,2025-02-26 01:16:31,,,,"Interest on cash",2faf5ec8-21ec-4d37-a967-bd85b2257df5,,,,,,,0.73,"EUR",,,,,,,,
Lending interest,2025-02-26 03:44:43,,,,"Share lending interest",b1c5d773-37d0-4b38-a464-e6815221eded,,,,,,,0.03,"EUR",,,,,,,,
Interest on cash,2025-02-27 01:16:39,,,,"Interest on cash",a12ec47b-e636-4ad8-b68d-2c0c3dc292b6,,,,,,,0.73,"EUR",,,,,,,,
Lending interest,2025-02-27 03:49:20,,,,"Share lending interest",5c95dac2-72f6-4ba6-944b-2425fc07daa6,,,,,,,0.02,"EUR",,,,,,,,
Interest on cash,2025-02-28 01:03:00,,,,"Interest on cash",adb6a7f9-19e9-4da9-9c67-bb8d847dc5f1,,,,,,,0.73,"EUR",,,,,,,,
Lending interest,2025-02-28 03:48:26,,,,"Share lending interest",2fecdf3b-848c-4cd4-99ad-24d460832eba,,,,,,,0.01,"EUR",,,,,,,,
Interest on cash,2025-03-01 01:03:02,,,,"Interest on cash",8c2f4768-5863-4bbe-b500-a5a98f573222,,,,,,,0.73,"EUR",,,,,,,,
Interest on cash,2025-03-02 01:03:06,,,,"Interest on cash",0e098ab0-4abf-4d42-a464-4f5f24dd2520,,,,,,,0.73,"EUR",,,,,,,,
Interest on cash,2025-03-03 01:03:35,,,,"Interest on cash",ed9b908b-bf71-4c3a-a4e3-8330036a325b,,,,,,,0.73,"EUR",,,,,,,,
Lending interest,2025-03-03 04:19:47,,,,"Share lending interest",5858bac1-baf6-4bf6-b466-830e60773052,,,,,,,0.01,"EUR",,,,,,,,
Market buy,2025-03-03 08:10:26,IE00B3XXRP09,VUSA,"Vanguard S&P 500 (Dist)",,EOF29001258790,1.6054580000,89.8625000000,GBP,0.82562933,,"EUR",175.00,"EUR",,,,,0.26,"EUR",,
Dividend (Dividend),2025-03-03 12:23:32,US92826C8394,V,"Visa",,,0.1340875000,0.501500,USD,0.89226122,,,0.06,"EUR",0.01,USD,,,,,,
Interest on cash,2025-03-04 01:03:09,,,,"Interest on cash",8c1c0201-773e-4ec6-aa10-51f73dc12a5d,,,,,,,0.72,"EUR",,,,,,,,
Interest on cash,2025-03-05 01:03:01,,,,"Interest on cash",fd6e19d8-fb89-4969-9616-b60aef1807bd,,,,,,,0.72,"EUR",,,,,,,,
Interest on cash,2025-03-06 01:02:59,,,,"Interest on cash",5eb8a5c6-378b-4802-9d63-b942f5b48c93,,,,,,,0.71,"EUR",,,,,,,,
Interest on cash,2025-03-07 01:02:57,,,,"Interest on cash",6b92aeb0-d1a2-4524-baf5-ee210031128c,,,,,,,0.72,"EUR",,,,,,,,
Deposit,2025-03-07 06:15:15,,,,"Bank Transfer",42ccaba8-eccd-4ca5-9ec9-ba15b1a49c62,,,,,,,350.00,"EUR",,,,,,,,
Market buy,2025-03-07 08:05:28,IE000M7V94E1,NUCG,"VanEck Uranium and Nuclear Technologies",,EOF29156080189,0.2374760000,22.9400000000,GBP,0.83939898,,"EUR",6.50,"EUR",,,,,0.01,"EUR",,
Market buy,2025-03-07 14:36:00,US67079K1007,SMR,"NuScale Power",,EOF29202132128,0.7384680000,15.5400000000,USD,1.08775286,,"EUR",10.57,"EUR",,,,,0.02,"EUR",,
Market buy,2025-03-07 14:36:02,CA13321L1085,CCJ,"Cameco",,EOF29202132295,0.0891540000,41.7700000000,USD,1.08887794,,"EUR",3.43,"EUR",,,,,0.01,"EUR",,
Market buy,2025-03-07 14:36:03,US21037T1097,CEG,"Constellation Energy",,EOF29202132371,0.0617842000,207.7100000000,USD,1.08755899,,"EUR",11.82,"EUR",,,,,0.02,"EUR",,
Market buy,2025-03-07 14:36:06,US87422Q1094,TLN,"Talen Energy",,EOF29202132645,0.0513189000,180.6700000000,USD,1.08696197,,"EUR",8.54,"EUR",,,,,0.01,"EUR",,
Market buy,2025-03-07 14:36:32,US15643U1043,LEU,"Centrus Energy",,EOF29202135440,0.1218440000,81.3600000000,USD,1.08697673,,"EUR",9.13,"EUR",,,,,0.01,"EUR",,
Interest on cash,2025-03-08 01:02:58,,,,"Interest on cash",50b96135-e68c-424e-a66f-550ee408a3b2,,,,,,,0.74,"EUR",,,,,,,,
Lending interest,2025-03-08 03:52:32,,,,"Share lending interest",4f6af192-6259-45c8-af0b-e215dfdf57a6,,,,,,,0.02,"EUR",,,,,,,,
Interest on cash,2025-03-09 01:03:09,,,,"Interest on cash",edce3cdd-33e8-42e2-9627-a31c0e1505c7,,,,,,,0.74,"EUR",,,,,,,,
Interest on cash,2025-03-10 01:02:59,,,,"Interest on cash",ba529a2f-5f04-496c-bebe-035108bb2ed0,,,,,,,0.74,"EUR",,,,,,,,
Lending interest,2025-03-10 03:48:23,,,,"Share lending interest",4bd28062-8558-4007-87ce-6d006aa5e7f3,,,,,,,0.05,"EUR",,,,,,,,
Interest on cash,2025-03-11 01:02:56,,,,"Interest on cash",c8699902-5b4e-4eed-8cd3-889876980c8e,,,,,,,0.75,"EUR",,,,,,,,
Lending interest,2025-03-11 03:54:42,,,,"Share lending interest",ff47c06c-0305-4682-8c97-341fbfd54c28,,,,,,,0.02,"EUR",,,,,,,,
Market buy,2025-03-11 11:42:53,IE00B3XXRP09,VUSA,"Vanguard S&P 500 (Dist)",,EOF29361546949,6.0925370000,82.8500100000,GBP,0.84254173,,"EUR",600.00,"EUR",,,,,0.90,"EUR",,
Market buy,2025-03-11 11:43:48,DE0007164600,SAP,"SAP",,EOF29361547155,0.1533495000,240.3000000000,EUR,1.00000000,,"EUR",36.85,"EUR",,,,,,,,
Market buy,2025-03-11 11:43:48,GB00B2B0DG97,REL,"RELX",,EOF29361547158,0.6279232600,3670.0000000000,GBX,84.25880673,,"EUR",27.53,"EUR",,,0.14,"EUR",0.04,"EUR",,
Market buy,2025-03-11 13:30:00,US64110L1061,NFLX,"Netflix",,EOF29401465417,0.0288457000,867.4200000000,USD,1.09215788,,"EUR",22.94,"EUR",,,,,0.03,"EUR",,
Market buy,2025-03-11 13:30:01,US02079K3059,GOOGL,"Alphabet (Class A)",,EOF29401466979,0.1836210000,164.8400000000,USD,1.09231633,,"EUR",27.75,"EUR",,,,,0.04,"EUR",,
Market buy,2025-03-11 13:30:01,US5949181045,MSFT,"Microsoft",,EOF29401466982,0.0519469000,379.0000000000,USD,1.09255688,,"EUR",18.05,"EUR",,,,,0.03,"EUR",,
Market buy,2025-03-11 13:30:01,US5949181045,MSFT,"Microsoft",,EOF29401466990,0.0758340000,379.0000000000,USD,1.09240159,,"EUR",26.35,"EUR",,,,,0.04,"EUR",,
Market buy,2025-03-11 13:30:01,US5951121038,MU,"Micron Technology",,EOF29401466993,0.4293360000,88.0800000000,USD,1.09231412,,"EUR",34.67,"EUR",,,,,0.05,"EUR",,
Market buy,2025-03-11 13:30:01,US02079K3059,GOOGL,"Alphabet (Class A)",,EOF29401466976,0.1297585000,164.8400000000,USD,1.09241017,,"EUR",19.61,"EUR",,,,,0.03,"EUR",,
Market buy,2025-03-11 13:30:03,US0231351067,AMZN,"Amazon",,EOF29401469033,0.1207694000,193.9100000000,USD,1.09227585,,"EUR",21.47,"EUR",,,,,0.03,"EUR",,
Market buy,2025-03-11 13:30:03,USN070592100,ASML,"ASML",,EOF29401469041,0.0472686000,699.1900000000,USD,1.09255313,,"EUR",30.30,"EUR",,,,,0.05,"EUR",,
Market buy,2025-03-11 13:30:03,US67066G1040,NVDA,"Nvidia",,EOF29401469061,0.1618180000,107.0400000000,USD,1.09211845,,"EUR",15.88,"EUR",,,,,0.02,"EUR",,
Market buy,2025-03-11 13:30:03,US67066G1040,NVDA,"Nvidia",,EOF29401469071,0.7956390000,107.0400000000,USD,1.09242173,,"EUR",78.08,"EUR",,,,,0.12,"EUR",,
Market buy,2025-03-11 13:30:03,US30303M1027,META,"Meta Platforms",,EOF29401470155,0.0422210000,595.4800000000,USD,1.09217033,,"EUR",23.05,"EUR",,,,,0.03,"EUR",,
Market buy,2025-03-11 13:30:03,US17275R1023,CSCO,"Cisco Systems",,EOF29401470158,0.2704110000,62.2800000000,USD,1.09216582,,"EUR",15.44,"EUR",,,,,0.02,"EUR",,
Market buy,2025-03-11 13:30:04,CA82509L1076,SHOP,"Shopify",,EOF29401472149,0.2543740000,92.7500000000,USD,1.09227724,,"EUR",21.63,"EUR",,,,,0.03,"EUR",,
Market buy,2025-03-11 13:30:05,US79466L3024,CRM,"Salesforce",,EOF29401477336,0.0885271000,273.9000000000,USD,1.09223300,,"EUR",22.23,"EUR",,,,,0.03,"EUR",,
Market buy,2025-03-11 13:30:05,US70450Y1038,PYPL,"PayPal",,EOF29401480730,0.1396310000,68.4300000000,USD,1.09199420,,"EUR",8.76,"EUR",,,,,0.01,"EUR",,
Market buy,2025-03-11 13:30:05,US0404132054,ANET,"Arista Networks",,EOF29401480733,0.4754340000,77.8200000000,USD,1.09236120,,"EUR",33.92,"EUR",,,,,0.05,"EUR",,
Market buy,2025-03-11 13:30:05,US12468P1049,AI,"C3.ai",,EOF29401480736,1.6728350000,20.9500000000,USD,1.09245303,,"EUR",32.13,"EUR",,,,,0.05,"EUR",,
Market buy,2025-03-11 13:30:08,US8740391003,TSM,"Taiwan Semiconductor Manufacturing",,EOF29401484153,0.2215309000,171.0000000000,USD,1.09232364,,"EUR",34.73,"EUR",,,,,0.05,"EUR",,
Market buy,2025-03-11 13:31:04,US68389X1054,ORCL,"Oracle",,EOF29401489848,0.2865860000,143.4700000000,USD,1.09236167,,"EUR",37.70,"EUR",,,,,0.06,"EUR",,
Market buy,2025-03-11 13:33:17,US01609W1027,BABA,"Alibaba",,EOF29401492391,0.0861456000,138.3900000000,USD,1.09273048,,"EUR",10.93,"EUR",,,,,0.02,"EUR",,
Interest on cash,2025-03-12 01:02:57,,,,"Interest on cash",c56eb48e-b2cf-42c0-b331-e9bf989ae350,,,,,,,0.64,"EUR",,,,,,,,
Market buy,2025-03-12 09:12:26,US01609W1027,BABA,"Alibaba",,EOF29407826368,1.0000000000,138.5600000000,USD,1.09222765,,"EUR",127.05,"EUR",,,,,0.19,"EUR",,
Interest on cash,2025-03-13 01:03:03,,,,"Interest on cash",7db9c813-84b4-4739-b89b-0013311b97b9,,,,,,,0.63,"EUR",,,,,,,,
Dividend (Dividend),2025-03-13 09:08:42,US5949181045,MSFT,"Microsoft",,,0.4968939000,0.705500,USD,0.91282871,,,0.32,"EUR",0.06,USD,,,,,,
Interest on cash,2025-03-14 01:03:00,,,,"Interest on cash",64a813ae-877a-4ad9-ab62-ce2104c61eac,,,,,,,0.64,"EUR",,,,,,,,
Lending interest,2025-03-14 03:56:12,,,,"Share lending interest",44149bdf-25d7-4f78-a201-931c344c495e,,,,,,,0.02,"EUR",,,,,,,,
Interest on cash,2025-03-15 01:02:58,,,,"Interest on cash",6ab20f6e-8543-4056-8655-0b376168f07e,,,,,,,0.63,"EUR",,,,,,,,
Lending interest,2025-03-15 03:58:53,,,,"Share lending interest",af66675e-fcde-4a06-9ae7-21714f83cbcb,,,,,,,0.02,"EUR",,,,,,,,
Interest on cash,2025-03-16 01:03:02,,,,"Interest on cash",ed2631ba-5fe1-4409-b641-5ae00b91ab94,,,,,,,0.64,"EUR",,,,,,,,
Interest on cash,2025-03-17 01:02:58,,,,"Interest on cash",7a7a9055-c80d-4caf-9c71-eb1c813e724c,,,,,,,0.63,"EUR",,,,,,,,
Lending interest,2025-03-17 03:49:44,,,,"Share lending interest",9892f59d-191f-46e1-8439-4f053193ca1d,,,,,,,0.02,"EUR",,,,,,,,
Deposit,2025-03-17 06:31:04,,,,"Bank Transfer",51b8045b-68b1-4dcc-b663-61c24d051949,,,,,,,200.00,"EUR",,,,,,,,
Deposit,2025-03-17 06:31:26,,,,"Bank Transfer",d4316ada-347a-4950-a5c0-c7262718cb76,,,,,,,100.00,"EUR",,,,,,,,
Market buy,2025-03-17 06:57:26,US01609W1027,BABA,"Alibaba",,EOF29601173024,0.5000000000,140.4700000000,USD,1.08756580,,"EUR",64.68,"EUR",,,,,0.10,"EUR",,
Market buy,2025-03-17 06:58:11,US67066G1040,NVDA,"Nvidia",,EOF29601173062,1.0000000000,120.9900000000,USD,1.08764832,,"EUR",111.41,"EUR",,,,,0.17,"EUR",,
Market buy,2025-03-17 07:00:12,US0378331005,AAPL,"Apple",,EOF29601173138,0.5000000000,212.6000000000,USD,1.08780188,,"EUR",97.87,"EUR",,,,,0.15,"EUR",,
Market buy,2025-03-17 07:00:14,US02079K3059,GOOGL,"Alphabet (Class A)",,EOF29601173152,1.0000000000,164.6100000000,USD,1.08775523,,"EUR",151.56,"EUR",,,,,0.23,"EUR",,
Market buy,2025-03-17 07:01:14,US30303M1027,META,"Meta Platforms",,EOF29601173230,0.1000000000,603.4200000000,USD,1.08802740,,"EUR",55.54,"EUR",,,,,0.08,"EUR",,
Market buy,2025-03-17 07:01:35,LU1778762911,SPOT,"Spotify Technology",,EOF29601173242,0.1000000000,574.2200000000,USD,1.08794998,,"EUR",52.86,"EUR",,,,,0.08,"EUR",,
Market buy,2025-03-17 08:00:06,NL0010273215,ASML,"ASML",,EOF29601183714,0.2347387000,652.5000000000,EUR,1.00000000,,"EUR",153.17,"EUR",,,,,,,,
Market buy,2025-03-17 08:00:06,NL0010273215,ASML,"ASML",,EOF29601183892,0.2652613000,651.6000000000,EUR,1.00000000,,"EUR",172.84,"EUR",,,,,,,,
Market buy,2025-03-17 08:04:05,IE000QOU09J7,FXAC,"iShares China Large Cap (Acc)",,EOF29650655605,22.4501900000,4.4543000000,EUR,1.00000000,,"EUR",100.00,"EUR",,,,,,,,
Market buy,2025-03-17 08:07:15,IE00B4L5Y983,IWDA,"iShares Core MSCI World (Acc)",,EOF29650681733,0.0603746000,106.3400000000,USD,1.08817541,,"EUR",5.91,"EUR",,,,,0.01,"EUR",,
Market buy,2025-03-17 08:07:16,IE00B4L5Y983,IWDA,"iShares Core MSCI World (Acc)",,EOF29650681869,1.4719697000,106.3400000000,USD,1.08799094,,"EUR",144.09,"EUR",,,,,0.22,"EUR",,
Market buy,2025-03-17 08:07:29,IE00B3XXRP09,VUSA,"Vanguard S&P 500 (Dist)",,EOF29650683026,1.7860240000,82.2450100000,GBP,0.84062928,,"EUR",175.00,"EUR",,,,,0.26,"EUR",,
Market buy,2025-03-17 13:30:01,US64110L1061,NFLX,"Netflix",,EOF29701889272,0.0093723000,940.7400000000,USD,1.08985135,,"EUR",8.10,"EUR",,,,,0.01,"EUR",,
Market buy,2025-03-17 13:30:03,US67066G1040,NVDA,"Nvidia",,EOF29701892802,0.0340540000,122.7400000000,USD,1.09132844,,"EUR",3.84,"EUR",,,,,0.01,"EUR",,
Market buy,2025-03-17 13:30:03,US30303M1027,META,"Meta Platforms",,EOF29701892805,0.0193415000,607.8000000000,USD,1.09051611,,"EUR",10.80,"EUR",,,,,0.02,"EUR",,
Market buy,2025-03-17 13:30:03,US0231351067,AMZN,"Amazon",,EOF29701894999,0.0584982000,199.1000000000,USD,1.09054228,,"EUR",10.70,"EUR",,,,,0.02,"EUR",,
Market buy,2025-03-17 13:30:05,US5949181045,MSFT,"Microsoft",,EOF29701898194,0.0290979000,386.8000000000,USD,1.09060733,,"EUR",10.34,"EUR",,,,,0.02,"EUR",,
Market buy,2025-03-17 13:30:05,CA82509L1076,SHOP,"Shopify",,EOF29701898188,0.0975060000,95.0000000000,USD,1.08977294,,"EUR",8.51,"EUR",,,,,0.01,"EUR",,
Market buy,2025-03-17 13:30:05,US79466L3024,CRM,"Salesforce",,EOF29701898191,0.0413474000,278.0000000000,USD,1.09056709,,"EUR",10.56,"EUR",,,,,0.02,"EUR",,
Market buy,2025-03-17 13:30:05,US70450Y1038,PYPL,"PayPal",,EOF29701898185,0.0716470000,68.6700000000,USD,1.09090897,,"EUR",4.52,"EUR",,,,,0.01,"EUR",,
Market buy,2025-03-17 13:30:06,US17275R1023,CSCO,"Cisco Systems",,EOF29703354692,0.1795530000,60.6500000000,USD,1.09007902,,"EUR",10.00,"EUR",,,,,0.01,"EUR",,
Market buy,2025-03-17 13:30:10,US02079K3059,GOOGL,"Alphabet (Class A)",,EOF29703363396,0.0768688000,165.4000000000,USD,1.09040304,,"EUR",11.68,"EUR",,,,,0.02,"EUR",,
Market buy,2025-03-17 13:30:10,US17275R1023,CSCO,"Cisco Systems",,EOF29703370423,0.0345850000,60.6000000000,USD,1.09158906,,"EUR",1.92,"EUR",,,,,,,,
Market buy,2025-03-17 13:30:35,US01609W1027,BABA,"Alibaba",,EOF29703374232,0.0705174000,140.5000000000,USD,1.08995541,,"EUR",9.10,"EUR",,,,,0.01,"EUR",,
Dividend (Dividend manufactured payment),2025-03-17 14:07:52,US4606901001,IPG,"Interpublic Group of Companies",,,3.0000000000,0.280500,USD,0.91503267,,,0.77,"EUR",0.15,USD,,,,,,
Dividend (Dividend),2025-03-17 14:19:50,US02079K3059,GOOGL,"Alphabet (Class A)",,,1.9057239000,0.170000,USD,0.92600291,,,0.30,"EUR",0.06,USD,,,,,,
Interest on cash,2025-03-18 01:02:58,,,,"Interest on cash",92f90715-b804-4d2d-8666-f7cb424b8294,,,,,,,0.55,"EUR",,,,,,,,
Lending interest,2025-03-18 03:52:47,,,,"Share lending interest",9d3dcac7-fbbd-424a-8e65-91501a6293d0,,,,,,,0.02,"EUR",,,,,,,,
Market buy,2025-03-18 08:05:05,IE00B4ND3602,EGLN,"iShares Physical Gold",,EOF29709404147,3.7292540000,53.6300000000,EUR,1.00000000,,"EUR",200.00,"EUR",,,,,,,,
Market buy,2025-03-18 13:35:01,US30303M1027,META,"Meta Platforms",,EOF29751280414,0.0070091000,595.5200000000,USD,1.09268566,,"EUR",3.83,"EUR",,,,,0.01,"EUR",,
Market buy,2025-03-18 13:35:01,US0231351067,AMZN,"Amazon",,EOF29751280411,0.0241445000,191.8400000000,USD,1.09242473,,"EUR",4.25,"EUR",,,,,0.01,"EUR",,
Market buy,2025-03-18 13:35:01,US02079K3059,GOOGL,"Alphabet (Class A)",,EOF29751280417,0.0266044000,163.4500000000,USD,1.09258522,,"EUR",3.99,"EUR",,,,,0.01,"EUR",,
Market buy,2025-03-18 13:35:01,US67066G1040,NVDA,"Nvidia",,EOF29751280420,0.0423700000,117.5500000000,USD,1.09223541,,"EUR",4.57,"EUR",,,,,0.01,"EUR",,
Market buy,2025-03-18 13:35:01,US79466L3024,CRM,"Salesforce",,EOF29751280423,0.0125815000,279.7900000000,USD,1.08983835,,"EUR",3.23,"EUR",,,,,,,,
Market buy,2025-03-18 13:35:01,US70450Y1038,PYPL,"PayPal",,EOF29751280426,0.0163730000,69.2200000000,USD,1.08974909,,"EUR",1.04,"EUR",,,,,,,,
Market buy,2025-03-18 13:35:02,CA82509L1076,SHOP,"Shopify",,EOF29751280452,0.0176910000,95.4800000000,USD,1.08976560,,"EUR",1.55,"EUR",,,,,,,,
Market buy,2025-03-18 13:35:02,US5949181045,MSFT,"Microsoft",,EOF29751280467,0.0094862000,386.0200000000,USD,1.09309341,,"EUR",3.36,"EUR",,,,,0.01,"EUR",,
Market buy,2025-03-18 13:35:02,US64110L1061,NFLX,"Netflix",,EOF29751280464,0.0014771000,944.3900000000,USD,1.08981130,,"EUR",1.28,"EUR",,,,,,,,
Market buy,2025-03-18 13:35:03,US17275R1023,CSCO,"Cisco Systems",,EOF29751280509,0.0514440000,60.5900000000,USD,1.08985732,,"EUR",2.86,"EUR",,,,,,,,
Dividend (Dividend),2025-03-18 14:51:25,US21037T1097,CEG,"Constellation Energy",,,0.1139739000,0.329630,USD,0.79852609,,,0.03,"EUR",0.01,USD,,,,,,
Interest on cash,2025-03-19 01:02:58,,,,"Interest on cash",45d516ba-81f1-4cdb-83be-3b6693067bc7,,,,,,,0.53,"EUR",,,,,,,,
Lending interest,2025-03-19 04:10:02,,,,"Share lending interest",2fc2b771-a1d3-4178-9cc4-748d1809aae1,,,,,,,0.02,"EUR",,,,,,,,
Market buy,2025-03-19 13:35:06,US46625H1005,JPM,"JPMorgan Chase & Co",,EOF29801124270,0.0922986000,235.4900000000,USD,1.09003998,,"EUR",19.97,"EUR",,,,,0.03,"EUR",,
Market buy,2025-03-19 13:35:08,US57636Q1040,MA,"Mastercard",,EOF29801124944,0.0284616000,531.9500000000,USD,1.09000346,,"EUR",13.91,"EUR",,,,,0.02,"EUR",,
Market buy,2025-03-19 13:35:08,US92826C8394,V,"Visa",,EOF29801124953,0.0523358000,336.5000000000,USD,1.08978939,,"EUR",16.18,"EUR",,,,,0.02,"EUR",,
Interest on cash,2025-03-20 01:02:57,,,,"Interest on cash",d07f3857-5c77-4ae5-98fe-61da889baace,,,,,,,0.52,"EUR",,,,,,,,
Lending interest,2025-03-20 03:44:53,,,,"Share lending interest",90323911-dec0-4a74-ad45-1dbbd0c38f7c,,,,,,,0.01,"EUR",,,,,,,,
Market buy,2025-03-20 08:05:33,DE0007164600,SAP,"SAP",,EOF29803787811,0.0597408000,251.2500000000,EUR,1.00000000,,"EUR",15.01,"EUR",,,,,,,,
Market buy,2025-03-20 08:05:34,GB00B2B0DG97,REL,"RELX",,EOF29803787988,0.2537896300,3790.0000000000,GBX,83.85899718,,"EUR",11.55,"EUR",,,0.06,"EUR",0.02,"EUR",,
Market buy,2025-03-20 13:35:11,US67066G1040,NVDA,"Nvidia",,EOF29851963460,0.0588587000,118.3800000000,USD,1.08193989,,"EUR",6.45,"EUR",,,,,0.01,"EUR",,
Market buy,2025-03-20 13:35:11,US02079K3059,GOOGL,"Alphabet (Class A)",,EOF29851963457,0.0944129000,162.5900000000,USD,1.08178952,,"EUR",14.21,"EUR",,,,,0.02,"EUR",,
Market buy,2025-03-20 13:35:11,USN070592100,ASML,"ASML",,EOF29851963482,0.0163878000,728.4000000000,USD,1.08221881,,"EUR",11.05,"EUR",,,,,0.02,"EUR",,
Market buy,2025-03-20 13:35:11,US0404132054,ANET,"Arista Networks",,EOF29851963546,0.0537620000,83.9900000000,USD,1.08284661,,"EUR",4.18,"EUR",,,,,0.01,"EUR",,
Market buy,2025-03-20 13:35:12,US68389X1054,ORCL,"Oracle",,EOF29851963606,0.0729965000,151.5400000000,USD,1.08237667,,"EUR",10.24,"EUR",,,,,0.02,"EUR",,
Market buy,2025-03-20 13:35:12,US5949181045,MSFT,"Microsoft",,EOF29851963660,0.0315565000,385.4600000000,USD,1.08218580,,"EUR",11.26,"EUR",,,,,0.02,"EUR",,
Market buy,2025-03-20 13:35:13,US12468P1049,AI,"C3.ai",,EOF29851963893,0.1590270000,22.6200000000,USD,1.08349118,,"EUR",3.32,"EUR",,,,,,,,
Market buy,2025-03-20 13:35:13,US8740391003,TSM,"Taiwan Semiconductor Manufacturing",,EOF29851963991,0.0794947000,175.5700000000,USD,1.08192902,,"EUR",12.92,"EUR",,,,,0.02,"EUR",,
Interest on cash,2025-03-21 01:02:57,,,,"Interest on cash",f6277ff1-fa29-4e7b-960b-2871cbee5428,,,,,,,0.52,"EUR",,,,,,,,
Lending interest,2025-03-21 03:45:17,,,,"Share lending interest",b4ae1ff4-a494-4e9d-8cd2-3dd4cf52b3bf,,,,,,,0.01,"EUR",,,,,,,,
Interest on cash,2025-03-22 01:03:04,,,,"Interest on cash",73afe8ba-66b5-411d-b105-60e057a1247b,,,,,,,0.51,"EUR",,,,,,,,
Lending interest,2025-03-22 03:43:16,,,,"Share lending interest",eb017289-4134-46d9-912f-a16c58de8a66,,,,,,,0.01,"EUR",,,,,,,,
Interest on cash,2025-03-23 01:03:00,,,,"Interest on cash",66688304-f26b-42b3-bfdd-7201c91b9b07,,,,,,,0.52,"EUR",,,,,,,,
Interest on cash,2025-03-24 01:02:58,,,,"Interest on cash",82da5c9b-1626-4eca-8b65-1f1e0b52d684,,,,,,,0.52,"EUR",,,,,,,,
Lending interest,2025-03-24 03:50:14,,,,"Share lending interest",4989bcc9-1296-4165-afef-b96b2fc792e1,,,,,,,0.02,"EUR",,,,,,,,
Interest on cash,2025-03-25 01:02:57,,,,"Interest on cash",91c95c5a-5460-4a1e-b733-6741f1cf4823,,,,,,,0.46,"EUR",,,,,,,,
Lending interest,2025-03-25 03:52:04,,,,"Share lending interest",aed92084-9ab8-4f03-8a92-5d3fa3ae4250,,,,,,,0.01,"EUR",,,,,,,,
Interest on cash,2025-03-26 01:03:01,,,,"Interest on cash",4c186ab1-a212-4987-a1be-2fdfbda3b326,,,,,,,0.47,"EUR",,,,,,,,
Lending interest,2025-03-26 03:46:34,,,,"Share lending interest",7fb97679-9a6c-4d84-96bf-45341350dc1f,,,,,,,0.01,"EUR",,,,,,,,
Dividend (Dividend),2025-03-26 15:22:47,US30303M1027,META,"Meta Platforms",,,0.2263229000,0.446250,USD,0.89111915,,,0.09,"EUR",0.02,USD,,,,,,
Interest on cash,2025-03-27 01:03:04,,,,"Interest on cash",e555b381-9cec-4713-836b-2998ddaa7fd4,,,,,,,0.46,"EUR",,,,,,,,
Lending interest,2025-03-27 03:50:39,,,,"Share lending interest",3f7b96d5-63d6-44d1-b825-db1d14a67c61,,,,,,,0.01,"EUR",,,,,,,,
Interest on cash,2025-03-28 01:02:56,,,,"Interest on cash",a9d77a44-e887-4e08-8c82-a381a7465b7f,,,,,,,0.47,"EUR",,,,,,,,
Lending interest,2025-03-28 03:56:25,,,,"Share lending interest",6fd0f113-4525-4b67-96b2-421e516086e9,,,,,,,0.02,"EUR",,,,,,,,
Interest on cash,2025-03-29 01:03:02,,,,"Interest on cash",f148ca3c-8ac2-4ced-b03f-f7544c6da571,,,,,,,0.46,"EUR",,,,,,,,
Lending interest,2025-03-29 03:53:02,,,,"Share lending interest",18a374eb-d18c-4d42-ab4d-11af3d56a09b,,,,,,,0.01,"EUR",,,,,,,,
Interest on cash,2025-03-30 11:50:20,,,,"Interest on cash",d69173ef-8021-4ead-bf9d-bc1b339736ba,,,,,,,0.47,"EUR",,,,,,,,
Interest on cash,2025-03-31 00:03:02,,,,"Interest on cash",a2909894-3bf7-48c5-b159-b42c5a0899ab,,,,,,,0.47,"EUR",,,,,,,,
Lending interest,2025-03-31 02:51:03,,,,"Share lending interest",9c0f1faf-c38e-49ed-9a8c-da1dfffbf274,,,,,,,0.01,"EUR",,,,,,,,
Market buy,2025-03-31 07:01:15,IE00B4ND3602,EGLN,"iShares Physical Gold",,EOF30301196162,1.7866690000,55.9700000000,EUR,1.00000000,,"EUR",100.00,"EUR",,,,,,,,
Market buy,2025-03-31 07:04:16,IE000QOU09J7,FXAC,"iShares China Large Cap (Acc)",,EOF30400050951,10.0000000000,4.2653000000,EUR,1.00000000,,"EUR",42.65,"EUR",,,,,,,,
Market buy,2025-03-31 07:05:07,IE00B3XXRP09,VUSA,"Vanguard S&P 500 (Dist)",,EOF30400053057,1.8056010000,80.9275100000,GBP,0.83622978,,"EUR",175.00,"EUR",,,,,0.26,"EUR",,
Interest on cash,2025-04-01 00:03:05,,,,"Interest on cash",16279ace-9037-45ad-8d51-d1acc99cb608,,,,,,,0.44,"EUR",,,,,,,,
Lending interest,2025-04-01 02:49:09,,,,"Share lending interest",11dbe838-a207-439d-b565-95cd0efc1adc,,,,,,,0.01,"EUR",,,,,,,,
Interest on cash,2025-04-02 00:03:13,,,,"Interest on cash",af5cc59c-ef38-4993-b53c-54945e9bfaea,,,,,,,0.44,"EUR",,,,,,,,
Lending interest,2025-04-02 02:46:29,,,,"Share lending interest",9d988834-cb8b-428b-a467-9ed6e9dc1fea,,,,,,,0.01,"EUR",,,,,,,,
Dividend (Dividend),2025-04-02 13:30:46,US67066G1040,NVDA,"Nvidia",,,5.2401220000,0.008500,USD,0.89804824,,,0.04,"EUR",0.01,USD,,,,,,
Dividend (Dividend),2025-04-02 14:13:04,IE00B3XXRP09,VUSA,"Vanguard S&P 500 (Dist)",,,61.1889390000,0.248279,GBP,1.19668808,,,18.18,"EUR",0.00,GBP,,,,,,
Market buy,2025-04-02 14:13:20,IE00B3XXRP09,VUSA,"Vanguard S&P 500 (Dist)",,EOF30502446024,0.1846030000,82.2550000000,GBP,0.83661265,,"EUR",18.18,"EUR",,,,,0.03,"EUR",,
Interest on cash,2025-04-03 00:03:38,,,,"Interest on cash",613a4304-d159-4f63-85f3-2cff9ce4e15c,,,,,,,0.44,"EUR",,,,,,,,
Lending interest,2025-04-03 02:44:34,,,,"Share lending interest",d9c4678d-09fb-46c7-b2df-c6c3d2ba16bd,,,,,,,0.01,"EUR",,,,,,,,
Interest on cash,2025-04-04 00:03:01,,,,"Interest on cash",6e9ae28a-de89-484e-be1e-e4baac7c6bb3,,,,,,,0.45,"EUR",,,,,,,,
Lending interest,2025-04-04 02:32:41,,,,"Share lending interest",0fd32b25-709b-46d6-918a-1b4bd62daa1c,,,,,,,0.01,"EUR",,,,,,,,
Interest on cash,2025-04-05 00:03:09,,,,"Interest on cash",6b27f8a1-69c9-4f93-b0b0-ff2c6aed9786,,,,,,,0.44,"EUR",,,,,,,,
Lending interest,2025-04-05 02:35:40,,,,"Share lending interest",0874df52-6f56-4932-b421-9f735350322c,,,,,,,0.01,"EUR",,,,,,,,
Interest on cash,2025-04-06 00:03:06,,,,"Interest on cash",7a28a182-abb4-4830-a680-258fbcbecfe4,,,,,,,0.44,"EUR",,,,,,,,
Interest on cash,2025-04-07 00:03:13,,,,"Interest on cash",d3156c52-c4c1-4820-a2ca-84cb2b0f010d,,,,,,,0.44,"EUR",,,,,,,,
Lending interest,2025-04-07 02:52:08,,,,"Share lending interest",b64f63a4-a5db-48c1-a497-5a0adca8534b,,,,,,,0.01,"EUR",,,,,,,,
Deposit,2025-04-07 05:30:58,,,,"Bank Transfer",a6a6b59e-10ea-4367-ba51-9df2a0bbfb45,,,,,,,350.00,"EUR",,,,,,,,
Market buy,2025-04-07 07:07:40,IE000M7V94E1,NUCG,"VanEck Uranium and Nuclear Technologies",,EOF30700790434,0.5770790000,18.5120000000,GBP,0.85326569,,"EUR",12.54,"EUR",,,,,0.02,"EUR",,
Market buy,2025-04-07 13:30:00,CA82509L1076,SHOP,"Shopify",,EOF30756292384,0.3028970000,70.6100000000,USD,1.09679780,,"EUR",19.53,"EUR",,,,,0.03,"EUR",,
Market buy,2025-04-07 13:30:02,US30303M1027,META,"Meta Platforms",,EOF30756294359,0.0480480000,486.8400000000,USD,1.09665674,,"EUR",21.36,"EUR",,,,,0.03,"EUR",,
Market buy,2025-04-07 13:30:03,US64110L1061,NFLX,"Netflix",,EOF30756297350,0.0222656000,829.2400000000,USD,1.09706037,,"EUR",16.86,"EUR",,,,,0.03,"EUR",,
Market buy,2025-04-07 13:30:08,US0231351067,AMZN,"Amazon",,EOF30758100066,0.1262086000,162.0000000000,USD,1.09687731,,"EUR",18.67,"EUR",,,,,0.03,"EUR",,
Market buy,2025-04-07 13:30:08,US67066G1040,NVDA,"Nvidia",,EOF30758106960,0.3171020000,87.6500000000,USD,1.09684255,,"EUR",25.38,"EUR",,,,,0.04,"EUR",,
Market buy,2025-04-07 13:30:08,US70450Y1038,PYPL,"PayPal",,EOF30758106954,0.1621810000,56.9900000000,USD,1.09640512,,"EUR",8.44,"EUR",,,,,0.01,"EUR",,
Market buy,2025-04-07 13:30:08,US02079K3059,GOOGL,"Alphabet (Class A)",,EOF30758106957,0.1364824000,141.8600000000,USD,1.09696279,,"EUR",17.68,"EUR",,,,,0.03,"EUR",,
Market buy,2025-04-07 13:30:18,US79466L3024,CRM,"Salesforce",,EOF30758110496,0.0930082000,230.2000000000,USD,1.09684875,,"EUR",19.55,"EUR",,,,,0.03,"EUR",,
Market buy,2025-04-07 13:30:18,US5949181045,MSFT,"Microsoft",,EOF30758110468,0.0460833000,350.9900000000,USD,1.09659508,,"EUR",14.77,"EUR",,,,,0.02,"EUR",,
Market buy,2025-04-07 13:30:28,US17275R1023,CSCO,"Cisco Systems",,EOF30758128352,0.3067960000,53.2600000000,USD,1.09664127,,"EUR",14.92,"EUR",,,,,0.02,"EUR",,
Market buy,2025-04-07 13:30:36,US01609W1027,BABA,"Alibaba",,EOF30759956065,0.2350803000,107.0000000000,USD,1.09649486,,"EUR",22.97,"EUR",,,,,0.03,"EUR",,
Market buy,2025-04-07 13:36:43,US67079K1007,SMR,"NuScale Power",,EOF30760654818,0.8490420000,12.3200000000,USD,1.09645675,,"EUR",9.55,"EUR",,,,,0.01,"EUR",,
Market buy,2025-04-07 13:36:43,US21037T1097,CEG,"Constellation Energy",,EOF30760654871,0.0498290000,167.2800000000,USD,1.09676251,,"EUR",7.61,"EUR",,,,,0.01,"EUR",,
Market buy,2025-04-07 13:36:44,CA13321L1085,CCJ,"Cameco",,EOF30760655090,0.1583010000,35.9100000000,USD,1.09741098,,"EUR",5.19,"EUR",,,,,0.01,"EUR",,
Market buy,2025-04-07 13:36:52,US15643U1043,LEU,"Centrus Energy",,EOF30760656710,0.2558170000,52.5800000000,USD,1.09713359,,"EUR",12.28,"EUR",,,,,0.02,"EUR",,
Market buy,2025-04-07 13:37:51,US87422Q1094,TLN,"Talen Energy",,EOF30760665004,0.0186782000,170.0000000000,USD,1.09492896,,"EUR",2.90,"EUR",,,,,,,,
Interest on cash,2025-04-08 00:03:10,,,,"Interest on cash",3d68d442-dfa0-413b-a25c-d04f5dbf1d6a,,,,,,,0.45,"EUR",,,,,,,,
Lending interest,2025-04-08 03:02:14,,,,"Share lending interest",d3191999-7230-4b5f-bf33-2ef020b1cce9,,,,,,,0.01,"EUR",,,,,,,,
Dividend (Dividend),2025-04-08 09:28:37,US6701002056,NVO,"Novo Nordisk",,,0.5160964000,0.834070,USD,0.90600642,,,0.39,"EUR",0.16,USD,,,,,,
Interest on cash,2025-04-09 00:03:01,,,,"Interest on cash",80acedf4-eec9-4915-a997-fb76b52e67b0,,,,,,,0.45,"EUR",,,,,,,,
Interest on cash,2025-04-10 00:03:03,,,,"Interest on cash",04d96276-b72b-4461-aacf-4ab7b5990fda,,,,,,,0.45,"EUR",,,,,,,,
Dividend (Dividend),2025-04-10 11:29:49,US8740391003,TSM,"Taiwan Semiconductor Manufacturing",,,1.2067767000,0.535377,USD,0.91319891,,,0.59,"EUR",0.17,USD,,,,,,
Interest on cash,2025-04-11 00:03:00,,,,"Interest on cash",4c218fa9-51ae-4cb9-ab1a-3869c2ad8e92,,,,,,,0.45,"EUR",,,,,,,,
Interest on cash,2025-04-12 00:03:02,,,,"Interest on cash",2bfa93ce-27b3-4540-9eef-8846fa577f12,,,,,,,0.45,"EUR",,,,,,,,
Interest on cash,2025-04-13 00:03:02,,,,"Interest on cash",b08d8b41-a2f8-4b67-b7dd-6e3d3074d236,,,,,,,0.45,"EUR",,,,,,,,
Interest on cash,2025-04-14 00:03:03,,,,"Interest on cash",b6d72228-8037-4cf9-8524-1dac75b822fd,,,,,,,0.46,"EUR",,,,,,,,
Lending interest,2025-04-14 03:24:02,,,,"Share lending interest",fcfd9e74-f3ee-4bd2-a3d6-2c327afd35fe,,,,,,,0.01,"EUR",,,,,,,,
Market buy,2025-04-14 07:05:28,IE00B3XXRP09,VUSA,"Vanguard S&P 500 (Dist)",,EOF31050951112,1.9400960000,78.1075000000,GBP,0.86720870,,"EUR",175.00,"EUR",,,,,0.26,"EUR",,
Interest on cash,2025-04-15 00:02:59,,,,"Interest on cash",5ee7f271-c50c-47d9-ad9a-0072601a06c2,,,,,,,0.43,"EUR",,,,,,,,
Deposit,2025-04-15 05:30:23,,,,"Bank Transfer",2db0df3e-cb38-4640-90c3-a0be860d8e11,,,,,,,200.00,"EUR",,,,,,,,
Deposit,2025-04-15 05:30:27,,,,"Bank Transfer",0fcaa1e9-c444-4bd1-8072-8ec586509079,,,,,,,100.00,"EUR",,,,,,,,
Dividend (Dividend),2025-04-15 12:40:16,US5951121038,MU,"Micron Technology",,,1.3724122000,0.097750,USD,0.89449910,,,0.12,"EUR",0.02,USD,,,,,,
Interest on cash,2025-04-16 00:03:02,,,,"Interest on cash",be657c00-3d22-43e3-8239-bea912c182f3,,,,,,,0.46,"EUR",,,,,,,,
Market buy,2025-04-16 06:51:54,US67066G1040,NVDA,"Nvidia",,EOF31157003389,1.0000000000,105.2000000000,USD,1.13692856,,"EUR",92.67,"EUR",,,,,0.14,"EUR",,
Market buy,2025-04-16 06:52:00,US0378331005,AAPL,"Apple",,EOF31157003392,1.0000000000,199.1400000000,USD,1.13677360,,"EUR",175.44,"EUR",,,,,0.26,"EUR",,
Market buy,2025-04-16 06:52:09,US01609W1027,BABA,"Alibaba",,EOF31157003397,1.0000000000,108.4500000000,USD,1.13667330,,"EUR",95.55,"EUR",,,,,0.14,"EUR",,
Market buy,2025-04-16 06:52:43,US30303M1027,META,"Meta Platforms",,EOF31157003424,0.4453806000,509.7200000000,USD,1.13680220,,"EUR",200.00,"EUR",,,,,0.30,"EUR",,
Market buy,2025-04-16 06:53:44,US0079031078,AMD,"Advanced Micro Devices",,EOF31157003449,1.5000000000,88.7100000000,USD,1.13643351,,"EUR",117.27,"EUR",,,,,0.18,"EUR",,
Market buy,2025-04-16 06:54:07,US5949181045,MSFT,"Microsoft",,EOF31157003462,0.5000000000,381.6100000000,USD,1.13648817,,"EUR",168.14,"EUR",,,,,0.25,"EUR",,
Market buy,2025-04-16 06:54:54,US0231351067,AMZN,"Amazon",,EOF31157003503,1.0000000000,177.1700000000,USD,1.13636072,,"EUR",156.14,"EUR",,,,,0.23,"EUR",,
Market buy,2025-04-16 06:55:42,US86800U3023,SMCI,"Super Micro Computer",,EOF31157003527,4.0000000000,32.0000000000,USD,1.13656544,,"EUR",112.79,"EUR",,,,,0.17,"EUR",,
Market buy,2025-04-16 06:57:55,US6701002056,NVO,"Novo Nordisk",,EOF31157003619,1.0000000000,64.0000000000,USD,1.13616190,,"EUR",56.41,"EUR",,,,,0.08,"EUR",,
Market buy,2025-04-16 07:00:03,FR0000121014,MC,"LVMH Moet Hennessy Louis Vuitton",,EOF31157003823,0.3000000000,483.1000000000,EUR,1.00000000,,"EUR",145.51,"EUR",,,,,,,0.58,"EUR"
Market buy,2025-04-16 07:00:03,DE0007100000,MBG,"Mercedes-Benz",,EOF31157003859,2.0000000000,49.5900000000,EUR,1.00000000,,"EUR",99.18,"EUR",,,,,,,,
Market buy,2025-04-16 07:04:10,IE000QOU09J7,FXAC,"iShares China Large Cap (Acc)",,EOF31157014854,54.0832600000,3.6980000000,EUR,1.00000000,,"EUR",200.00,"EUR",,,,,,,,
Interest on cash,2025-04-17 00:04:34,,,,"Interest on cash",51a8d900-c942-47e0-8dbe-b5ac1bde9a6c,,,,,,,0.34,"EUR",,,,,,,,
Lending interest,2025-04-17 03:03:37,,,,"Share lending interest",a7a988f4-d1a9-4d52-80ec-891ed5b56939,,,,,,,0.01,"EUR",,,,,,,,
Market buy,2025-04-17 07:05:06,IE00B4L5Y983,IWDA,"iShares Core MSCI World (Acc)",,EOF31205773630,2.7871373000,101.8300000000,USD,1.13693943,,"EUR",250.00,"EUR",,,,,0.37,"EUR",,
Market buy,2025-04-17 07:05:21,IE000QOU09J7,FXAC,"iShares China Large Cap (Acc)",,EOF31205775996,13.3582400000,3.7430000000,EUR,1.00000000,,"EUR",50.00,"EUR",,,,,,,,
Interest on cash,2025-04-18 00:03:07,,,,"Interest on cash",c3f95ec4-edd2-4fe7-9d7f-46319422e507,,,,,,,0.32,"EUR",,,,,,,,
Interest on cash,2025-04-19 00:03:54,,,,"Interest on cash",2996fcc2-4087-4e44-9b80-eb1301bfb3aa,,,,,,,0.32,"EUR",,,,,,,,
Interest on cash,2025-04-20 00:03:38,,,,"Interest on cash",5649f904-b809-45b4-afd8-68c02b3c02ec,,,,,,,0.32,"EUR",,,,,,,,
Interest on cash,2025-04-21 00:03:54,,,,"Interest on cash",8360e216-3a3d-48fd-8d8e-df8ebff139ea,,,,,,,0.32,"EUR",,,,,,,,
Lending interest,2025-04-21 03:03:55,,,,"Share lending interest",f43d8add-6e36-4c9b-9904-a37854637b84,,,,,,,0.01,"EUR",,,,,,,,
Market buy,2025-04-21 13:35:39,US0231351067,AMZN,"Amazon",,EOF31452204546,0.0275562000,168.8000000000,USD,1.15135805,,"EUR",4.05,"EUR",,,,,0.01,"EUR",,
Market buy,2025-04-21 13:35:39,US30303M1027,META,"Meta Platforms",,EOF31452204682,0.0133336000,491.8400000000,USD,1.15052593,,"EUR",5.71,"EUR",,,,,0.01,"EUR",,
Market buy,2025-04-21 13:35:40,US02079K3059,GOOGL,"Alphabet (Class A)",,EOF31452204775,0.0211998000,148.4400000000,USD,1.14850303,,"EUR",2.74,"EUR",,,,,,,,
Market buy,2025-04-21 13:35:40,US79466L3024,CRM,"Salesforce",,EOF31452204917,0.0137598000,242.0600000000,USD,1.14851627,,"EUR",2.90,"EUR",,,,,,,,
Market buy,2025-04-21 13:35:40,US17275R1023,CSCO,"Cisco Systems",,EOF31452204899,0.0789480000,54.9900000000,USD,1.15155186,,"EUR",3.78,"EUR",,,,,0.01,"EUR",,
Market buy,2025-04-21 13:35:40,US5949181045,MSFT,"Microsoft",,EOF31452205133,0.0124703000,363.7900000000,USD,1.15141381,,"EUR",3.95,"EUR",,,,,0.01,"EUR",,
Market buy,2025-04-21 13:35:43,US01609W1027,BABA,"Alibaba",,EOF31452205922,0.0729419000,108.3300000000,USD,1.15018865,,"EUR",6.88,"EUR",,,,,0.01,"EUR",,
Market buy,2025-04-21 13:36:14,US92826C8394,V,"Visa",,EOF31452216188,0.0597679000,327.4900000000,USD,1.15069897,,"EUR",17.04,"EUR",,,,,0.03,"EUR",,
Market buy,2025-04-21 13:36:15,US57636Q1040,MA,"Mastercard",,EOF31452216323,0.0346117000,518.0500000000,USD,1.15013413,,"EUR",15.61,"EUR",,,,,0.02,"EUR",,
Market buy,2025-04-21 13:36:19,US46625H1005,JPM,"JPMorgan Chase & Co",,EOF31452217267,0.0714269000,230.9200000000,USD,1.15020221,,"EUR",14.36,"EUR",,,,,0.02,"EUR",,
Market buy,2025-04-21 13:36:27,US5951121038,MU,"Micron Technology",,EOF31452218783,0.5216010000,67.3900000000,USD,1.15059546,,"EUR",30.60,"EUR",,,,,0.05,"EUR",,
Market buy,2025-04-21 13:36:27,US12468P1049,AI,"C3.ai",,EOF31452218810,0.3305990000,19.1800000000,USD,1.15079651,,"EUR",5.52,"EUR",,,,,0.01,"EUR",,
Market buy,2025-04-21 13:36:27,US67066G1040,NVDA,"Nvidia",,EOF31452218813,0.2836990000,98.2300000000,USD,1.15060911,,"EUR",24.26,"EUR",,,,,0.04,"EUR",,
Market buy,2025-04-21 13:36:27,US02079K3059,GOOGL,"Alphabet (Class A)",,EOF31452218867,0.0140053000,148.4500000000,USD,1.14866673,,"EUR",1.81,"EUR",,,,,,,,
Market buy,2025-04-21 13:36:27,US8740391003,TSM,"Taiwan Semiconductor Manufacturing",,EOF31452218893,0.0668982000,149.5600000000,USD,1.15003388,,"EUR",8.71,"EUR",,,,,0.01,"EUR",,
Market buy,2025-04-21 13:36:28,US68389X1054,ORCL,"Oracle",,EOF31452218908,0.1084002000,126.2100000000,USD,1.15064669,,"EUR",11.91,"EUR",,,,,0.02,"EUR",,
Market buy,2025-04-21 13:36:28,US0404132054,ANET,"Arista Networks",,EOF31452218921,0.1420560000,68.4100000000,USD,1.15006520,,"EUR",8.46,"EUR",,,,,0.01,"EUR",,
Market buy,2025-04-21 13:36:29,USN070592100,ASML,"ASML",,EOF31452219048,0.0169769000,623.8500000000,USD,1.14994995,,"EUR",9.22,"EUR",,,,,0.01,"EUR",,
Interest on cash,2025-04-22 00:03:54,,,,"Interest on cash",897a84b9-babf-43c1-8996-f29313d8673d,,,,,,,0.31,"EUR",,,,,,,,
Lending interest,2025-04-22 03:06:27,,,,"Share lending interest",15d3bbdb-0281-4fff-bc13-41e9e1ec5354,,,,,,,0.01,"EUR",,,,,,,,
Market buy,2025-04-22 07:05:48,ES0113900J37,BNC,"Banco Santander",,EOF31500362250,0.4962038000,515.0000000000,GBX,85.75334127,,"EUR",2.98,"EUR",,,,,,,,
Market buy,2025-04-22 07:07:06,IE00B4ND3602,EGLN,"iShares Physical Gold",,EOF31500382601,3.4077330000,58.6900000000,EUR,1.00000000,,"EUR",200.00,"EUR",,,,,,,,
Interest on cash,2025-04-23 00:03:52,,,,"Interest on cash",b49730dc-346d-4f23-9ad4-9de7723f1aa9,,,,,,,0.29,"EUR",,,,,,,,
Dividend (Dividend),2025-04-23 10:43:50,US68389X1054,ORCL,"Oracle",,,0.8992546000,0.425000,USD,0.88962569,,,0.34,"EUR",0.07,USD,,,,,,
Dividend (Dividend),2025-04-23 10:49:29,US17275R1023,CSCO,"Cisco Systems",,,1.1845120000,0.348500,USD,0.87208788,,,0.36,"EUR",0.07,USD,,,,,,
Interest on cash,2025-04-24 00:03:40,,,,"Interest on cash",73224430-ad92-4771-be81-a917a0e565c0,,,,,,,0.29,"EUR",,,,,,,,
Market buy,2025-04-24 07:00:18,IE00B4L5Y983,IWDA,"iShares Core MSCI World (Acc)",,EOF31555719031,4.0000000000,103.0800000000,USD,1.13527354,,"EUR",363.73,"EUR",,,,,0.54,"EUR",,
Market buy,2025-04-24 07:00:31,IE00B3XXRP09,VUSA,"Vanguard S&P 500 (Dist)",,EOF31555720197,6.0000000000,76.5650000000,GBP,0.85533150,,"EUR",537.90,"EUR",,,,,0.81,"EUR",,
Dividend (Dividend),2025-04-24 11:35:53,US79466L3024,CRM,"Salesforce",,,0.3793307000,0.353600,USD,0.89464553,,,0.12,"EUR",0.02,USD,,,,,,
Interest on cash,2025-04-25 00:03:40,,,,"Interest on cash",0986cc8a-fdde-4a0a-8b64-4c1d62d06cef,,,,,,,0.23,"EUR",,,,,,,,
Interest on cash,2025-04-26 00:03:39,,,,"Interest on cash",a51361f4-9b7f-4047-9b31-c70d0d7759a8,,,,,,,0.22,"EUR",,,,,,,,
Interest on cash,2025-04-27 00:03:35,,,,"Interest on cash",62afa170-5f07-4fb9-a90f-2a0852d852df,,,,,,,0.23,"EUR",,,,,,,,
Interest on cash,2025-04-28 00:03:09,,,,"Interest on cash",d35d6219-fe4f-4d6b-addc-bd1d022f25f3,,,,,,,0.23,"EUR",,,,,,,,
Lending interest,2025-04-28 03:13:47,,,,"Share lending interest",560f4cb9-d60c-4f5e-8c46-96f002287ef4,,,,,,,0.01,"EUR",,,,,,,,
Market buy,2025-04-28 07:05:48,IE00B3XXRP09,VUSA,"Vanguard S&P 500 (Dist)",,EOF31800262773,1.8949720000,78.6350100000,GBP,0.85275919,,"EUR",175.00,"EUR",,,,,0.26,"EUR",,
Dividend (Dividend),2025-04-28 12:05:56,FR0000121014,MC,"LVMH Moet Hennessy Louis Vuitton",,,0.3366125000,5.625000,EUR,1.00000000,,,1.89,"EUR",0.63,EUR,,,,,,
Interest on cash,2025-04-29 00:03:55,,,,"Interest on cash",24c5374c-3fa6-4e5a-a2ca-91e70cd860c5,,,,,,,0.21,"EUR",,,,,,,,
Lending interest,2025-04-29 03:08:59,,,,"Share lending interest",6c1db491-fb66-47fa-a32d-86f837d122da,,,,,,,0.01,"EUR",,,,,,,,
Interest on cash,2025-04-30 00:03:10,,,,"Interest on cash",3c8ba0c7-d1d0-4fe6-bab1-b29bb530d358,,,,,,,0.21,"EUR",,,,,,,,
Lending interest,2025-04-30 03:10:20,,,,"Share lending interest",e67e50a2-e018-4bb7-bca2-1e74b5580d86,,,,,,,0.01,"EUR",,,,,,,,
Dividend (Dividend),2025-04-30 13:56:15,US46625H1005,JPM,"JPMorgan Chase & Co",,,0.3690217000,1.190000,USD,0.88810791,,,0.39,"EUR",0.08,USD,,,,,,
Interest on cash,2025-05-01 00:03:34,,,,"Interest on cash",84725cdf-dd52-452f-a0fe-d170b45ae960,,,,,,,0.22,"EUR",,,,,,,,
Lending interest,2025-05-01 03:22:38,,,,"Share lending interest",5c509f44-7cad-40b5-bf0d-1d3acef10f71,,,,,,,0.01,"EUR",,,,,,,,
Interest on cash,2025-05-02 00:03:57,,,,"Interest on cash",d0d0f52f-1544-4c08-ab31-9aedf8667987,,,,,,,0.19,"EUR",,,,,,,,
Lending interest,2025-05-02 03:27:01,,,,"Share lending interest",3f200a57-fb09-4083-b044-d594b7627bb2,,,,,,,0.01,"EUR",,,,,,,,
Dividend (Dividend),2025-05-02 11:31:13,ES0113900J37,BNC,"Banco Santander",,,3.1053915000,7.567798,GBX,0.01191439,,,0.28,"EUR",5.51,GBX,,,,,,
Interest on cash,2025-05-03 00:04:03,,,,"Interest on cash",a00b0b49-e232-432c-8bcf-2489b3615024,,,,,,,0.19,"EUR",,,,,,,,
Lending interest,2025-05-03 03:08:45,,,,"Share lending interest",4d45a32f-8e39-4510-acc6-cb907510115c,,,,,,,0.01,"EUR",,,,,,,,
Interest on cash,2025-05-04 00:03:34,,,,"Interest on cash",a63a6bca-4607-4746-8e59-0395d341e533,,,,,,,0.19,"EUR",,,,,,,,
Interest on cash,2025-05-05 00:03:43,,,,"Interest on cash",8ac41213-da3e-47c3-8046-58a3dc861711,,,,,,,0.19,"EUR",,,,,,,,
Lending interest,2025-05-05 02:57:24,,,,"Share lending interest",024b6f9a-bcc5-4f41-b97b-9b4df1c60f3e,,,,,,,0.02,"EUR",,,,,,,,
Interest on cash,2025-05-06 00:03:41,,,,"Interest on cash",1764e0ad-6a0d-41ad-a246-f63fa358c787,,,,,,,0.19,"EUR",,,,,,,,
Lending interest,2025-05-06 02:50:17,,,,"Share lending interest",cd867174-db1f-4876-a05f-f7ddea1479ca,,,,,,,0.01,"EUR",,,,,,,,
Dividend (Dividend),2025-05-06 11:51:39,USN070592100,ASML,"ASML",,,0.2291020000,1.777017,USD,0.88426418,,,0.36,"EUR",0.07,USD,,,,,,
Dividend (Dividend),2025-05-06 11:55:47,NL0010273215,ASML,"ASML",,,0.9000000000,1.564000,EUR,1.00000000,,,1.41,"EUR",0.25,EUR,,,,,,
Interest on cash,2025-05-07 00:03:11,,,,"Interest on cash",f716c634-5e2f-4073-91f0-544d6254013f,,,,,,,0.19,"EUR",,,,,,,,
Deposit,2025-05-07 05:30:41,,,,"Bank Transfer",7e6c54dc-1248-4a09-b48e-68976c37d88e,,,,,,,350.00,"EUR",,,,,,,,
Market buy,2025-05-07 07:05:36,IE000M7V94E1,NUCG,"VanEck Uranium and Nuclear Technologies",,EOF32207645440,0.9547940000,23.8400000000,GBP,0.85124491,,"EUR",26.78,"EUR",,,,,0.04,"EUR",,
Market buy,2025-05-07 13:35:37,CA13321L1085,CCJ,"Cameco",,EOF32251698472,0.2048870000,48.3300000000,USD,1.13557209,,"EUR",8.73,"EUR",,,,,0.01,"EUR",,
Market buy,2025-05-07 13:35:42,US67079K1007,SMR,"NuScale Power",,EOF32251699925,0.1900530000,16.7700000000,USD,1.13423089,,"EUR",2.81,"EUR",,,,,,,,
Market buy,2025-05-07 13:35:45,US87422Q1094,TLN,"Talen Energy",,EOF32253150760,0.0338530000,231.5300000000,USD,1.13593986,,"EUR",6.91,"EUR",,,,,0.01,"EUR",,
Market buy,2025-05-07 13:36:17,US15643U1043,LEU,"Centrus Energy",,EOF32253156220,0.0713720000,75.8000000000,USD,1.13655411,,"EUR",4.77,"EUR",,,,,0.01,"EUR",,
Interest on cash,2025-05-08 00:03:11,,,,"Interest on cash",87dda4f0-736c-46f1-a655-ca0e98192ef9,,,,,,,0.21,"EUR",,,,,,,,
Lending interest,2025-05-08 03:11:21,,,,"Share lending interest",43e3949f-81f6-4b0f-b4dc-8640813c63f7,,,,,,,0.01,"EUR",,,,,,,,
Interest on cash,2025-05-09 00:03:50,,,,"Interest on cash",ad9e978a-107f-4b52-bd61-4f85d93beb27,,,,,,,0.21,"EUR",,,,,,,,
Lending interest,2025-05-09 03:00:51,,,,"Share lending interest",2aca9353-7dff-4c83-8904-a54a5632fe8f,,,,,,,0.01,"EUR",,,,,,,,
Dividend (Dividend),2025-05-09 13:40:49,US57636Q1040,MA,"Mastercard",,,0.1694546000,0.646000,USD,0.91351171,,,0.10,"EUR",0.02,USD,,,,,,
Interest on cash,2025-05-10 00:03:39,,,,"Interest on cash",3e790a75-a90a-4476-8400-24e1a9b2879d,,,,,,,0.21,"EUR",,,,,,,,
Lending interest,2025-05-10 03:05:16,,,,"Share lending interest",b838aa82-0198-4f5d-bf00-54440cbf37ca,,,,,,,0.01,"EUR",,,,,,,,
Interest on cash,2025-05-11 00:03:30,,,,"Interest on cash",8476b678-ebf1-40ca-a0b8-ce30d4dfe09e,,,,,,,0.21,"EUR",,,,,,,,
Interest on cash,2025-05-12 00:03:43,,,,"Interest on cash",c3548ce7-0d52-4cd2-acb4-9dcb54dfeecc,,,,,,,0.21,"EUR",,,,,,,,
Lending interest,2025-05-12 02:43:19,,,,"Share lending interest",2faf7254-d27a-46bb-ba54-c7d2179f1b87,,,,,,,0.03,"EUR",,,,,,,,
Market buy,2025-05-12 07:05:50,IE00B3XXRP09,VUSA,"Vanguard S&P 500 (Dist)",,EOF32450770005,1.7760880000,83.0150000000,GBP,0.84377901,,"EUR",175.00,"EUR",,,,,0.26,"EUR",,
Dividend (Dividend),2025-05-12 11:37:31,DE0007100000,MBG,"Mercedes-Benz",,,2.1480110000,3.165875,EUR,1.00000000,,,6.80,"EUR",2.44,EUR,,,,,,
Interest on cash,2025-05-13 00:03:42,,,,"Interest on cash",f24540f2-1a8c-42ad-9855-d4caddea58c0,,,,,,,0.20,"EUR",,,,,,,,
Lending interest,2025-05-13 03:02:37,,,,"Share lending interest",9685e402-1fd2-4976-8553-df86692b9072,,,,,,,0.01,"EUR",,,,,,,,
Interest on cash,2025-05-14 00:03:11,,,,"Interest on cash",adbfedc2-4a75-4fb2-b594-de450cc8265a,,,,,,,0.20,"EUR",,,,,,,,
Interest on cash,2025-05-15 00:03:46,,,,"Interest on cash",2bbd7831-31aa-4554-9b63-993c44468ae9,,,,,,,0.20,"EUR",,,,,,,,
Lending interest,2025-05-15 02:51:52,,,,"Share lending interest",757019da-509a-40be-89b5-543a6f65c9bc,,,,,,,0.01,"EUR",,,,,,,,
Deposit,2025-05-15 05:30:14,,,,"Bank Transfer",c06b991e-4554-40c0-a18c-33d5809c1b54,,,,,,,100.00,"EUR",,,,,,,,
Deposit,2025-05-15 05:30:34,,,,"Bank Transfer",da45b41b-0487-416f-87ff-b50a1b4a5477,,,,,,,200.00,"EUR",,,,,,,,
Dividend (Dividend),2025-05-15 12:00:54,US0378331005,AAPL,"Apple",,,2.5000000000,0.221000,USD,0.88687782,,,0.49,"EUR",0.10,USD,,,,,,
Interest on cash,2025-05-16 00:03:17,,,,"Interest on cash",e249eb01-8fcd-42cb-bac5-aa9dd12ec4f8,,,,,,,0.22,"EUR",,,,,,,,
Lending interest,2025-05-16 02:51:32,,,,"Share lending interest",444981d0-a631-4de7-bd2a-03a598ef0bcb,,,,,,,0.01,"EUR",,,,,,,,
Dividend (Dividend),2025-05-16 12:14:45,DE0007164600,SAP,"SAP",,,0.6438057000,1.730188,EUR,1.00000000,,,1.11,"EUR",0.40,EUR,,,,,,
Interest on cash,2025-05-17 00:03:12,,,,"Interest on cash",38c3f28a-514f-46bc-a936-e67a119bd6d7,,,,,,,0.22,"EUR",,,,,,,,
Lending interest,2025-05-17 02:44:51,,,,"Share lending interest",7052f79a-8c68-4fe7-8bd8-2c49221d23b4,,,,,,,0.01,"EUR",,,,,,,,
Interest on cash,2025-05-18 00:03:15,,,,"Interest on cash",3bb2612c-8f1f-4428-84d1-dfd1fd573809,,,,,,,0.21,"EUR",,,,,,,,
Interest on cash,2025-05-19 00:03:46,,,,"Interest on cash",f55fee37-ff66-4b3e-ae6b-1f7204319559,,,,,,,0.22,"EUR",,,,,,,,
Lending interest,2025-05-19 02:49:28,,,,"Share lending interest",350a525f-6a3e-45f6-85ea-f224f046f64f,,,,,,,0.03,"EUR",,,,,,,,
Market buy,2025-05-19 07:05:35,ES0113900J37,BNC,"Banco Santander",,EOF32800369408,0.3906196000,585.0000000000,GBX,84.01193602,,"EUR",2.72,"EUR",,,,,,,,
Market buy,2025-05-19 07:05:42,IE000QOU09J7,FXAC,"iShares China Large Cap (Acc)",,EOF32800370458,12.1506400000,4.1150000000,EUR,1.00000000,,"EUR",50.00,"EUR",,,,,,,,
Market buy,2025-05-19 07:05:47,IE00B4L5Y983,IWDA,"iShares Core MSCI World (Acc)",,EOF32800371062,1.0184328000,112.0900000000,USD,1.12093610,,"EUR",101.99,"EUR",,,,,0.15,"EUR",,
Market buy,2025-05-19 07:05:48,IE00B4L5Y983,IWDA,"iShares Core MSCI World (Acc)",,EOF32800371209,1.4777793000,112.1000000000,USD,1.12090844,,"EUR",148.01,"EUR",,,,,0.22,"EUR",,
Market buy,2025-05-19 07:06:20,IE00B4ND3602,EGLN,"iShares Physical Gold",,EOF32800376428,3.5739790000,55.9600000000,EUR,1.00000000,,"EUR",200.00,"EUR",,,,,,,,
Market buy,2025-05-19 13:37:55,US92826C8394,V,"Visa",,EOF32856260042,0.0592150000,365.6100000000,USD,1.12582403,,"EUR",19.26,"EUR",,,,,0.03,"EUR",,
Market buy,2025-05-19 13:37:58,US46625H1005,JPM,"JPMorgan Chase & Co",,EOF32856260469,0.0550828000,266.1100000000,USD,1.12581289,,"EUR",13.04,"EUR",,,,,0.02,"EUR",,
Market buy,2025-05-19 13:38:02,US57636Q1040,MA,"Mastercard",,EOF32856261117,0.0303366000,584.0000000000,USD,1.12557651,,"EUR",15.76,"EUR",,,,,0.02,"EUR",,
Market buy,2025-05-19 13:38:09,US0231351067,AMZN,"Amazon",,EOF32856262580,0.0172152000,203.7500000000,USD,1.12422980,,"EUR",3.12,"EUR",,,,,,,,
Market buy,2025-05-19 13:38:09,US02079K3059,GOOGL,"Alphabet (Class A)",,EOF32856262595,0.0717655000,165.2700000000,USD,1.12637076,,"EUR",10.55,"EUR",,,,,0.02,"EUR",,
Market buy,2025-05-19 13:38:10,US01609W1027,BABA,"Alibaba",,EOF32856262647,0.0681158000,120.3200000000,USD,1.12578201,,"EUR",7.29,"EUR",,,,,0.01,"EUR",,
Market buy,2025-05-19 13:38:10,US17275R1023,CSCO,"Cisco Systems",,EOF32856262658,0.0542910000,63.3300000000,USD,1.12729476,,"EUR",3.05,"EUR",,,,,,,,
Market buy,2025-05-19 13:38:11,US79466L3024,CRM,"Salesforce",,EOF32856262896,0.0151755000,288.1800000000,USD,1.12713288,,"EUR",3.89,"EUR",,,,,0.01,"EUR",,
Market buy,2025-05-19 13:38:12,US17275R1023,CSCO,"Cisco Systems",,EOF32856263147,0.0431660000,63.3300000000,USD,1.12498056,,"EUR",2.43,"EUR",,,,,,,,
Interest on cash,2025-05-20 00:03:10,,,,"Interest on cash",dae471a6-16fc-49bf-9432-06b9d2db4d62,,,,,,,0.18,"EUR",,,,,,,,
Market buy,2025-05-20 07:05:16,GB00B2B0DG97,REL,"RELX",,EOF32860466578,0.2851879500,4101.0000000000,GBX,84.20128026,,"EUR",13.98,"EUR",,,0.07,"EUR",0.02,"EUR",,
Market buy,2025-05-20 07:05:17,DE0007164600,SAP,"SAP",,EOF32860466679,0.0757457000,264.7000000000,EUR,1.00000000,,"EUR",20.05,"EUR",,,,,,,,
Market buy,2025-05-20 13:36:28,US02079K3059,GOOGL,"Alphabet (Class A)",,EOF32902748129,0.1396718000,166.3800000000,USD,1.12372311,,"EUR",20.71,"EUR",,,,,0.03,"EUR",,
Market buy,2025-05-20 13:36:28,USN070592100,ASML,"ASML",,EOF32902748126,0.0278248000,742.4200000000,USD,1.12392209,,"EUR",18.41,"EUR",,,,,0.03,"EUR",,
Market buy,2025-05-20 13:36:28,US8740391003,TSM,"Taiwan Semiconductor Manufacturing",,EOF32902748168,0.0364464000,191.5000000000,USD,1.12391072,,"EUR",6.22,"EUR",,,,,0.01,"EUR",,
Market buy,2025-05-20 13:36:29,US12468P1049,AI,"C3.ai",,EOF32902748233,0.4173550000,22.8800000000,USD,1.12342145,,"EUR",8.51,"EUR",,,,,0.01,"EUR",,
Market buy,2025-05-20 13:36:30,US5949181045,MSFT,"Microsoft",,EOF32902748380,0.0141051000,455.8200000000,USD,1.12401865,,"EUR",5.73,"EUR",,,,,0.01,"EUR",,
Market buy,2025-05-20 13:36:30,US68389X1054,ORCL,"Oracle",,EOF32902748518,0.0580194000,158.3900000000,USD,1.12343432,,"EUR",8.19,"EUR",,,,,0.01,"EUR",,
Interest on cash,2025-05-21 00:04:04,,,,"Interest on cash",7ca3d434-e32d-4216-b96b-8a8e65b0e4a2,,,,,,,0.18,"EUR",,,,,,,,
Interest on cash,2025-05-22 00:03:15,,,,"Interest on cash",e5070230-86be-45cc-9716-70dd756d8ab7,,,,,,,0.17,"EUR",,,,,,,,
Lending interest,2025-05-22 02:50:11,,,,"Share lending interest",d5c15b6a-7024-4638-8a2b-2a1ea094787b,,,,,,,0.01,"EUR",,,,,,,,
Interest on cash,2025-05-23 00:04:10,,,,"Interest on cash",2dc06664-9fa3-47a4-b169-b49418491e12,,,,,,,0.18,"EUR",,,,,,,,
Interest on cash,2025-05-24 00:03:14,,,,"Interest on cash",25523ff1-37ad-4e94-8f3c-30db253f9d87,,,,,,,0.17,"EUR",,,,,,,,
Interest on cash,2025-05-25 00:04:07,,,,"Interest on cash",e4c30aa3-bee9-4238-b0a6-8bd97e7c54da,,,,,,,0.18,"EUR",,,,,,,,
Interest on cash,2025-05-26 00:03:52,,,,"Interest on cash",38f413b9-a206-4f82-8fb9-9c84caffeb41,,,,,,,0.17,"EUR",,,,,,,,
Market buy,2025-05-27 00:00:02,US69608A1088,PLTR,"Palantir",,EOF33200807403,0.4452795000,127.7000000000,USD,1.13883821,,"EUR",50.00,"EUR",,,,,0.07,"EUR",,
Interest on cash,2025-05-27 00:04:10,,,,"Interest on cash",357c519d-a60e-4e87-b297-54ab9d17f2ba,,,,,,,0.18,"EUR",,,,,,,,
Lending interest,2025-05-27 02:51:48,,,,"Share lending interest",27ef29a2-0b4d-4396-9968-fc6a171c90ed,,,,,,,0.01,"EUR",,,,,,,,
Market buy,2025-05-27 07:07:36,IE00B3XXRP09,VUSA,"Vanguard S&P 500 (Dist)",,EOF33250372318,1.7816820000,82.2650000000,GBP,0.83878945,,"EUR",175.00,"EUR",,,,,0.26,"EUR",,
Interest on cash,2025-05-28 00:03:59,,,,"Interest on cash",6d9b0eba-1b06-4af4-9ffe-0b8ba8631c41,,,,,,,0.16,"EUR",,,,,,,,
Interest on cash,2025-05-29 00:03:56,,,,"Interest on cash",c0eabe4f-e9db-4dbf-a25c-ce5ef9f0e17e,,,,,,,0.16,"EUR",,,,,,,,
Interest on cash,2025-05-30 00:04:18,,,,"Interest on cash",5a1b99f8-116d-42b0-8bc0-435fe78e80d2,,,,,,,0.16,"EUR",,,,,,,,
Interest on cash,2025-05-31 00:04:00,,,,"Interest on cash",712b43e9-4bab-489f-85eb-e64094287ccc,,,,,,,0.16,"EUR",,,,,,,,
Lending interest,2025-05-31 03:02:44,,,,"Share lending interest",68b40447-5b2d-4440-a94d-3b788320c919,,,,,,,0.01,"EUR",,,,,,,,
Interest on cash,2025-06-01 00:03:21,,,,"Interest on cash",a1aaac3b-6089-4003-822f-ed8b000a892b,,,,,,,0.16,"EUR",,,,,,,,
Interest on cash,2025-06-02 00:03:58,,,,"Interest on cash",83fb5a1c-9084-4423-a6ef-f7a4ae91c2fc,,,,,,,0.16,"EUR",,,,,,,,
Lending interest,2025-06-02 03:01:25,,,,"Share lending interest",7c4ca2b5-d0ce-492c-8580-e6415367f2b1,,,,,,,0.03,"EUR",,,,,,,,
Dividend (Dividend),2025-06-02 11:35:57,US92826C8394,V,"Visa",,,0.3736623000,0.501500,USD,0.85382676,,,0.16,"EUR",0.03,USD,,,,,,
Interest on cash,2025-06-03 00:04:31,,,,"Interest on cash",fc260a56-443c-41e8-afd5-fbfa8b8ae071,,,,,,,0.16,"EUR",,,,,,,,
Interest on cash,2025-06-04 00:04:29,,,,"Interest on cash",f26e4690-9936-4793-b2eb-0853897b0de4,,,,,,,0.16,"EUR",,,,,,,,
Interest on cash,2025-06-05 00:03:25,,,,"Interest on cash",0ae42034-8abe-4160-87b0-a3f08a40cc6e,,,,,,,0.16,"EUR",,,,,,,,
Interest on cash,2025-06-06 00:03:23,,,,"Interest on cash",26349db9-ae74-4ccc-bb13-f885f51af53a,,,,,,,0.16,"EUR",,,,,,,,
Dividend (Dividend),2025-06-06 13:06:48,US21037T1097,CEG,"Constellation Energy",,,0.2255871000,0.329630,USD,0.94136283,,,0.07,"EUR",0.01,USD,,,,,,
Interest on cash,2025-06-07 00:03:51,,,,"Interest on cash",bdb8bd2d-ebfa-4beb-ada4-3e5e0e829789,,,,,,,0.16,"EUR",,,,,,,,
Interest on cash,2025-06-08 00:04:04,,,,"Interest on cash",875cafdd-a152-4cc6-9fc1-5912dd855884,,,,,,,0.16,"EUR",,,,,,,,
Interest on cash,2025-06-09 00:05:31,,,,"Interest on cash",612dcd93-914c-44be-9ea4-29d17a77aaa6,,,,,,,0.16,"EUR",,,,,,,,
Lending interest,2025-06-09 02:55:58,,,,"Share lending interest",06859f72-bb0e-4c7a-8337-3dcf06525ab0,,,,,,,0.01,"EUR",,,,,,,,
Deposit,2025-06-09 05:15:43,,,,"Bank Transfer",513d1987-42ec-4aaa-88a3-4168f7240f43,,,,,,,350.00,"EUR",,,,,,,,
Market buy,2025-06-09 07:05:51,IE00B3XXRP09,VUSA,"Vanguard S&P 500 (Dist)",,EOF33851036070,1.7519760000,83.9900100000,GBP,0.84209958,,"EUR",175.00,"EUR",,,,,0.26,"EUR",,
Market buy,2025-06-09 07:06:09,IE000M7V94E1,NUCG,"VanEck Uranium and Nuclear Technologies",,EOF33851040658,0.8319710000,30.1800000000,GBP,0.84201491,,"EUR",29.86,"EUR",,,,,0.04,"EUR",,
Market buy,2025-06-09 13:35:28,CA13321L1085,CCJ,"Cameco",,EOF33906388284,0.1979630000,65.5000000000,USD,1.14042009,,"EUR",11.39,"EUR",,,,,0.02,"EUR",,
Market buy,2025-06-09 13:35:30,US21037T1097,CEG,"Constellation Energy",,EOF33906389371,0.0714984000,298.7000000000,USD,1.14023342,,"EUR",18.76,"EUR",,,,,0.03,"EUR",,
Market buy,2025-06-09 13:35:32,US87422Q1094,TLN,"Talen Energy",,EOF33906390522,0.0881236000,259.0100000000,USD,1.14010457,,"EUR",20.05,"EUR",,,,,0.03,"EUR",,
Interest on cash,2025-06-10 00:05:40,,,,"Interest on cash",f4bdf8ac-0569-47bf-8a6a-a243ad39dfb0,,,,,,,0.16,"EUR",,,,,,,,
Lending interest,2025-06-10 03:08:02,,,,"Share lending interest",ed9234e3-8c15-4b51-b011-26e2eaaf349d,,,,,,,0.01,"EUR",,,,,,,,
Interest on cash,2025-06-11 00:05:08,,,,"Interest on cash",b4bb20fe-e6e7-41aa-bebc-97d33db0cf1e,,,,,,,0.17,"EUR",,,,,,,,
Market buy,2025-06-11 17:08:52,US68389X1054,ORCL,"Oracle",,EOF34005894566,1.0000000000,179.1700000000,USD,1.14926234,,"EUR",156.13,"EUR",,,,,0.23,"EUR",,
Market buy,2025-06-11 21:42:18,US69608A1088,PLTR,"Palantir",,EOF34007136628,1.0000000000,136.2900000000,USD,1.14847897,,"EUR",118.85,"EUR",,,,,0.18,"EUR",,
Market buy,2025-06-11 21:43:42,US67066G1040,NVDA,"Nvidia",,EOF34007136695,0.5000000000,142.9300000000,USD,1.14840109,,"EUR",62.32,"EUR",,,,,0.09,"EUR",,
Market buy,2025-06-11 21:45:03,US86800U3023,SMCI,"Super Micro Computer",,EOF34007136783,1.0000000000,43.2000000000,USD,1.14863068,,"EUR",37.67,"EUR",,,,,0.06,"EUR",,
Market buy,2025-06-11 21:49:17,US01609W1027,BABA,"Alibaba",,EOF34007137030,1.5000000000,120.4700000000,USD,1.14850006,,"EUR",157.58,"EUR",,,,,0.24,"EUR",,
Market buy,2025-06-11 22:00:15,IL0065100930,ZIM,"ZIM Integrated Shipping Services",,EOF34007137513,5.0000000000,16.7800000000,USD,1.14868565,,"EUR",73.15,"EUR",,,,,0.11,"EUR",,
Interest on cash,2025-06-12 00:07:56,,,,"Interest on cash",7210466c-a5b7-4dd4-ae70-6394a85970b7,,,,,,,0.16,"EUR",,,,,,,,
Market buy,2025-06-12 07:00:27,NL0010273215,ASML,"ASML",,EOF34009000173,0.2000000000,680.5000000000,EUR,1.00000000,,"EUR",136.10,"EUR",,,,,,,,
Market buy,2025-06-12 07:04:15,IE000QOU09J7,FXAC,"iShares China Large Cap (Acc)",,EOF34009011722,35.9117700000,4.1769000000,EUR,1.00000000,,"EUR",150.00,"EUR",,,,,,,,
Dividend (Dividend),2025-06-12 12:09:29,US5949181045,MSFT,"Microsoft",,,1.2737500000,0.705500,USD,0.86798733,,,0.78,"EUR",0.16,USD,,,,,,
Market buy,2025-06-12 13:30:00,US0231351067,AMZN,"Amazon",,EOF34051297481,0.0628905000,212.0000000000,USD,1.15937269,,"EUR",11.52,"EUR",,,,,0.02,"EUR",,
Market buy,2025-06-12 13:30:00,US64110L1061,NFLX,"Netflix",,EOF34051297530,0.0059586300,1225.6000000000,USD,1.15918998,,"EUR",6.31,"EUR",,,,,0.01,"EUR",,
Market buy,2025-06-12 13:30:03,US17275R1023,CSCO,"Cisco Systems",,EOF34053155639,0.2404540000,64.4000000000,USD,1.15907467,,"EUR",13.38,"EUR",,,,,0.02,"EUR",,
Market buy,2025-06-12 13:30:03,US70450Y1038,PYPL,"PayPal",,EOF34053153429,0.1112410000,74.1800000000,USD,1.15896873,,"EUR",7.13,"EUR",,,,,0.01,"EUR",,
Market buy,2025-06-12 13:30:03,US30303M1027,META,"Meta Platforms",,EOF34053153426,0.0032032000,693.7000000000,USD,1.15732283,,"EUR",1.92,"EUR",,,,,,,,
Market buy,2025-06-12 13:30:03,US5949181045,MSFT,"Microsoft",,EOF34053153423,0.0239821000,475.3500000000,USD,1.15852553,,"EUR",9.85,"EUR",,,,,0.01,"EUR",,
Market buy,2025-06-12 13:30:04,US79466L3024,CRM,"Salesforce",,EOF34053159886,0.1074826000,265.0000000000,USD,1.15925474,,"EUR",24.61,"EUR",,,,,0.04,"EUR",,
Market buy,2025-06-12 13:30:05,US02079K3059,GOOGL,"Alphabet (Class A)",,EOF34053161339,0.0566171000,176.2100000000,USD,1.15871070,,"EUR",8.62,"EUR",,,,,0.01,"EUR",,
Market buy,2025-06-12 13:30:22,US01609W1027,BABA,"Alibaba",,EOF34053175169,0.1656243000,117.4000000000,USD,1.15946886,,"EUR",16.80,"EUR",,,,,0.03,"EUR",,
Interest on cash,2025-06-13 00:07:52,,,,"Interest on cash",5d2aaaa2-6519-48b3-9039-87cef7927268,,,,,,,0.10,"EUR",,,,,,,,
Interest on cash,2025-06-14 00:07:59,,,,"Interest on cash",abd0853a-df2e-4fba-a063-29d52b75e3d8,,,,,,,0.10,"EUR",,,,,,,,
Interest on cash,2025-06-15 00:05:18,,,,"Interest on cash",5054fb13-f669-4f71-b9ff-99aa31208332,,,,,,,0.10,"EUR",,,,,,,,
Interest on cash,2025-06-16 00:05:41,,,,"Interest on cash",1d6f9af9-7828-429d-8200-3e678366f9f8,,,,,,,0.10,"EUR",,,,,,,,
Lending interest,2025-06-16 02:44:49,,,,"Share lending interest",cc7f9270-34d7-4aff-aaff-b012b7cf5aa3,,,,,,,0.01,"EUR",,,,,,,,
Dividend (Dividend),2025-06-16 12:47:16,US02079K3059,GOOGL,"Alphabet (Class A)",,,3.8001143000,0.178500,USD,0.86979545,,,0.59,"EUR",0.12,USD,,,,,,
Dividend (Dividend manufactured payment),2025-06-16 14:14:59,US4606901001,IPG,"Interpublic Group of Companies",,,3.0000000000,0.280500,USD,0.86749851,,,0.73,"EUR",0.15,USD,,,,,,
Interest on cash,2025-06-17 00:03:16,,,,"Interest on cash",6eca56a6-c30c-42bf-adc1-6cd76eab1f3d,,,,,,,0.10,"EUR",,,,,,,,
Market buy,2025-06-17 07:05:14,IE00B4L5Y983,IWDA,"iShares Core MSCI World (Acc)",,EOF34262102467,2.5171371000,114.6400000000,USD,1.15596922,,"EUR",250.00,"EUR",,,,,0.37,"EUR",,
Market buy,2025-06-17 07:05:19,IE000QOU09J7,FXAC,"iShares China Large Cap (Acc)",,EOF34262104356,12.1106100000,4.1286000000,EUR,1.00000000,,"EUR",50.00,"EUR",,,,,,,,
Interest on cash,2025-06-18 00:03:48,,,,"Interest on cash",8e8bd825-e1ef-4d87-af2b-34e93be7aa7d,,,,,,,0.07,"EUR",,,,,,,,
Lending interest,2025-06-18 02:57:35,,,,"Share lending interest",136b5ef7-2847-4485-b7fb-5c80299b24b9,,,,,,,0.01,"EUR",,,,,,,,
Market buy,2025-06-18 07:05:11,IE00B4ND3602,EGLN,"iShares Physical Gold",,EOF34307210919,3.5069240000,57.0300000000,EUR,1.00000000,,"EUR",200.00,"EUR",,,,,,,,
Market buy,2025-06-18 13:35:08,US70450Y1038,PYPL,"PayPal",,EOF34352314139,0.0537300000,70.2900000000,USD,1.14792756,,"EUR",3.29,"EUR",,,,,,,,
Market buy,2025-06-18 13:35:08,US02079K3059,GOOGL,"Alphabet (Class A)",,EOF34352314161,0.0193941000,175.7900000000,USD,1.14790870,,"EUR",2.97,"EUR",,,,,,,,
Market buy,2025-06-18 13:35:08,US30303M1027,META,"Meta Platforms",,EOF34352314247,0.0022191000,698.3300000000,USD,1.14789933,,"EUR",1.35,"EUR",,,,,,,,
Market buy,2025-06-18 13:35:08,US5949181045,MSFT,"Microsoft",,EOF34352314229,0.0031838000,475.9000000000,USD,1.14785637,,"EUR",1.32,"EUR",,,,,,,,
Market buy,2025-06-18 13:35:09,US01609W1027,BABA,"Alibaba",,EOF34352314356,0.0718008000,113.6700000000,USD,1.14952069,,"EUR",7.11,"EUR",,,,,0.01,"EUR",,
Market buy,2025-06-18 13:35:09,US0231351067,AMZN,"Amazon",,EOF34352314389,0.0059133000,215.4600000000,USD,1.14781947,,"EUR",1.11,"EUR",,,,,,,,
Market buy,2025-06-18 13:35:09,US64110L1061,NFLX,"Netflix",,EOF34352314443,0.0017096300,1235.4100000000,USD,1.14787717,,"EUR",1.84,"EUR",,,,,,,,
Market buy,2025-06-18 13:35:09,US79466L3024,CRM,"Salesforce",,EOF34352314521,0.0151245000,263.3600000000,USD,1.15121049,,"EUR",3.47,"EUR",,,,,0.01,"EUR",,
Market buy,2025-06-18 13:35:13,CA82509L1076,SHOP,"Shopify",,EOF34352315750,0.0812657000,106.5000000000,USD,1.14937543,,"EUR",7.54,"EUR",,,,,0.01,"EUR",,
Interest on cash,2025-06-19 00:04:24,,,,"Interest on cash",13eefa43-8708-45a9-b62c-2992b0e0d39e,,,,,,,0.06,"EUR",,,,,,,,
Market buy,2025-06-19 07:05:10,ES0113900J37,BNC,"Banco Santander",,EOF34356804154,0.2639739000,592.0000000000,GBX,85.39483540,,"EUR",1.83,"EUR",,,,,,,,
Dividend (Dividend),2025-06-19 11:35:39,GB00B2B0DG97,REL,"RELX",,,2.8073092800,44.800000,GBX,0.01168823,,,1.47,"EUR",0.00,GBX,,,,,,
Interest on cash,2025-06-20 00:04:21,,,,"Interest on cash",b650efc0-efcd-490d-ae8e-834a324dc451,,,,,,,0.07,"EUR",,,,,,,,
Market buy,2025-06-20 07:05:15,DE0007164600,SAP,"SAP",,EOF34401247278,0.1146004400,249.6500000000,EUR,1.00000000,,"EUR",28.61,"EUR",,,,,,,,
Market buy,2025-06-20 07:05:16,GB00B2B0DG97,REL,"RELX",,EOF34401247456,0.4642943900,3923.0000000000,GBX,85.51299962,,"EUR",21.44,"EUR",,,0.11,"EUR",0.03,"EUR",,
Market buy,2025-06-20 13:35:10,US92826C8394,V,"Visa",,EOF34452985992,0.0771563800,339.0000000000,USD,1.15173988,,"EUR",22.74,"EUR",,,,,0.03,"EUR",,
Market buy,2025-06-20 13:35:11,US57636Q1040,MA,"Mastercard",,EOF34452986234,0.0418117700,534.9400000000,USD,1.15173986,,"EUR",19.45,"EUR",,,,,0.03,"EUR",,
Market buy,2025-06-20 13:35:11,US46625H1005,JPM,"JPMorgan Chase & Co",,EOF34452986277,0.0254971600,276.9000000000,USD,1.15173957,,"EUR",6.14,"EUR",,,,,0.01,"EUR",,
Market buy,2025-06-20 13:35:38,US02079K3059,GOOGL,"Alphabet (Class A)",,EOF34452998228,0.0493818700,173.5000000000,USD,1.15157989,,"EUR",7.45,"EUR",,,,,0.01,"EUR",,
Market buy,2025-06-20 13:35:39,USN070592100,ASML,"ASML",,EOF34452998265,0.0235851200,765.6000000000,USD,1.15157958,,"EUR",15.70,"EUR",,,,,0.02,"EUR",,
Market buy,2025-06-20 13:35:39,US67066G1040,NVDA,"Nvidia",,EOF34452998259,0.0442824100,145.6300000000,USD,1.15157988,,"EUR",5.61,"EUR",,,,,0.01,"EUR",,
Market buy,2025-06-20 13:35:39,US5949181045,MSFT,"Microsoft",,EOF34452998374,0.0141681500,482.8000000000,USD,1.15157959,,"EUR",5.95,"EUR",,,,,0.01,"EUR",,
Market buy,2025-06-20 13:35:40,US0404132054,ANET,"Arista Networks",,EOF34452999028,0.1677103800,89.6700000000,USD,1.15149998,,"EUR",13.08,"EUR",,,,,0.02,"EUR",,
Market buy,2025-06-20 13:35:44,US12468P1049,AI,"C3.ai",,EOF34454250350,0.1805438200,24.3000000000,USD,1.15149995,,"EUR",3.82,"EUR",,,,,0.01,"EUR",,
Interest on cash,2025-06-21 00:03:38,,,,"Interest on cash",aae78deb-53e9-4290-9a3f-4f7d3db951cb,,,,,,,0.05,"EUR",,,,,,,,
Interest on cash,2025-06-22 00:05:00,,,,"Interest on cash",dea8c857-9768-4769-958a-013357ecd3bb,,,,,,,0.05,"EUR",,,,,,,,
Interest on cash,2025-06-23 00:05:12,,,,"Interest on cash",13b73d3a-609d-4672-a1b3-8780be9232e8,,,,,,,0.06,"EUR",,,,,,,,
Lending interest,2025-06-23 02:57:09,,,,"Share lending interest",a90a7f98-6768-45bf-b067-e8c622e03273,,,,,,,0.01,"EUR",,,,,,,,
Market buy,2025-06-23 07:06:04,IE00B3XXRP09,VUSA,"Vanguard S&P 500 (Dist)",,EOF34550294807,1.7803315300,84.0225100000,GBP,0.85605999,,"EUR",175.00,"EUR",,,,,0.26,"EUR",,
Interest on cash,2025-06-24 00:03:44,,,,"Interest on cash",24674efa-2ff3-4cd4-bd76-2b211d7b1b62,,,,,,,0.04,"EUR",,,,,,,,
Interest on cash,2025-06-25 00:03:39,,,,"Interest on cash",a969ab76-33a2-47f8-9f47-1f91532f005b,,,,,,,0.04,"EUR",,,,,,,,
Interest on cash,2025-06-26 00:04:59,,,,"Interest on cash",9d99cfac-d57e-4ed3-b58f-c0f5a73ce4ec,,,,,,,0.04,"EUR",,,,,,,,
Market buy,2025-06-26 06:00:05,CNE100000296,BY6,"BYD",,EOF34706942453,6.0000000000,13.7900000000,EUR,1.00000000,,"EUR",82.74,"EUR",,,,,,,,
Market buy,2025-06-26 12:00:01,US05606L1008,BYDDY,"BYD",,EOF34750929511,2.0000000000,98.0000000000,USD,1.16952085,,"EUR",167.84,"EUR",,,,,0.25,"EUR",,
Dividend (Dividend),2025-06-26 12:21:07,US30303M1027,META,"Meta Platforms",,,0.8626389000,0.446250,USD,0.85724837,,,0.33,"EUR",0.07,USD,,,,,,
Interest on cash,2025-06-27 00:06:49,,,,"Interest on cash",68048937-de45-4aa1-8957-538406153f38,,,,,,,0.03,"EUR",,,,,,,,
Deposit,2025-06-27 09:53:55,,,,"Bank Transfer",b79a790b-4b63-475f-aba0-4f1aeb3e6dc4,,,,,,,500.00,"EUR",,,,,,,,
Interest on cash,2025-06-28 00:04:48,,,,"Interest on cash",7cb08de6-8735-41fe-9cd5-5b145577b144,,,,,,,0.06,"EUR",,,,,,,,
Interest on cash,2025-06-29 00:04:46,,,,"Interest on cash",a004658a-7f0c-4d68-9336-4f6ad695f9c9,,,,,,,0.06,"EUR",,,,,,,,
Interest on cash,2025-06-30 00:04:50,,,,"Interest on cash",5f300ff0-a8da-4709-ae1e-6ca4ac28db49,,,,,,,0.06,"EUR",,,,,,,,
Lending interest,2025-06-30 03:00:22,,,,"Share lending interest",ad22886e-1686-403f-b242-5822de36a46e,,,,,,,0.02,"EUR",,,,,,,,
Interest on cash,2025-07-01 00:03:46,,,,"Interest on cash",506d9ae2-163e-4dce-a9fb-85e241c92bc0,,,,,,,0.05,"EUR",,,,,,,,
Interest on cash,2025-07-02 00:04:59,,,,"Interest on cash",187e3aed-35a9-4be4-a95b-8ce310ae512a,,,,,,,0.06,"EUR",,,,,,,,
Dividend (Dividend),2025-07-02 12:06:02,IE00B3XXRP09,VUSA,"Vanguard S&P 500 (Dist)",,,78.3239570000,0.227797,GBP,1.16467009,,,20.78,"EUR",-0.00,GBP,,,,,,
Market buy,2025-07-02 12:06:16,IE00B3XXRP09,VUSA,"Vanguard S&P 500 (Dist)",,EOF35051628047,0.1917091400,86.0150000000,GBP,0.86063996,,"EUR",19.19,"EUR",,,,,0.03,"EUR",,
Interest on cash,2025-07-03 00:04:55,,,,"Interest on cash",24144ecd-5fd6-4827-a837-b8fae3fb0970,,,,,,,0.06,"EUR",,,,,,,,
Dividend (Dividend),2025-07-03 12:51:34,US67066G1040,NVDA,"Nvidia",,,7.9762057000,0.008500,USD,0.88498514,,,0.06,"EUR",0.01,USD,,,,,,
Interest on cash,2025-07-04 00:04:44,,,,"Interest on cash",a6426031-8a0d-403d-989d-f40e3788f56c,,,,,,,0.06,"EUR",,,,,,,,
Interest on cash,2025-07-05 00:05:11,,,,"Interest on cash",f8736dd2-b0b3-4e3e-a269-f31caa58b402,,,,,,,0.05,"EUR",,,,,,,,
Interest on cash,2025-07-06 00:05:00,,,,"Interest on cash",69ee790a-3d0f-42e5-9746-1f1ea70c6093,,,,,,,0.06,"EUR",,,,,,,,
Interest on cash,2025-07-07 00:05:05,,,,"Interest on cash",cb94d57b-d33e-452f-ad1b-f44a325b71a1,,,,,,,0.06,"EUR",,,,,,,,
Lending interest,2025-07-07 02:52:40,,,,"Share lending interest",cef5ac1b-6fc7-4a68-bffc-b0ff23e8c3bf,,,,,,,0.02,"EUR",,,,,,,,
Deposit,2025-07-07 05:30:57,,,,"Bank Transfer",5eb6ec0f-d599-4f48-bcae-a5bc4456d523,,,,,,,350.00,"EUR",,,,,,,,
Market buy,2025-07-07 07:05:40,IE00B3XXRP09,VUSA,"Vanguard S&P 500 (Dist)",,EOF35250826097,1.7340210400,86.9850000000,GBP,0.86318999,,"EUR",175.00,"EUR",,,,,0.26,"EUR",,
Market buy,2025-07-07 07:05:47,IE000M7V94E1,NUCG,"VanEck Uranium and Nuclear Technologies",,EOF35250828588,0.8558733200,32.2250000000,GBP,0.86323999,,"EUR",32.00,"EUR",,,,,0.05,"EUR",,
Market buy,2025-07-07 13:36:26,US21037T1097,CEG,"Constellation Energy",,EOF35307596334,0.0763293000,310.8100000000,USD,1.17386985,,"EUR",20.24,"EUR",,,,,0.03,"EUR",,
Market buy,2025-07-07 13:36:30,US87422Q1094,TLN,"Talen Energy",,EOF35307597902,0.0664386800,284.9900000000,USD,1.17385985,,"EUR",16.15,"EUR",,,,,0.02,"EUR",,
Market buy,2025-07-07 13:36:37,CA13321L1085,CCJ,"Cameco",,EOF35307599818,0.1883510900,72.1700000000,USD,1.17385994,,"EUR",11.60,"EUR",,,,,0.02,"EUR",,
Interest on cash,2025-07-08 00:03:44,,,,"Interest on cash",65fc0556-597b-4a82-9627-2f1a1a3f6a15,,,,,,,0.06,"EUR",,,,,,,,
Market buy,2025-07-08 10:49:25,US68389X1054,ORCL,"Oracle",,EOF35350887490,0.4971639600,235.5000000000,USD,1.17257999,,"EUR",100.00,"EUR",,,,,0.15,"EUR",,
Interest on cash,2025-07-09 00:05:12,,,,"Interest on cash",bfa0f825-aa97-4557-9e7f-8c1f023ccc95,,,,,,,0.06,"EUR",,,,,,,,
Interest on cash,2025-07-10 00:04:40,,,,"Interest on cash",3ad467be-27ea-49da-9f06-731f1a695665,,,,,,,0.06,"EUR",,,,,,,,
Dividend (Dividend),2025-07-10 13:27:03,US8740391003,TSM,"Taiwan Semiconductor Manufacturing",,,1.3896160000,0.616441,USD,0.85219020,,,0.73,"EUR",0.23,USD,,,,,,
Dividend (Dividend),2025-07-10 13:33:43,US01609W1027,BABA,"Alibaba",,,5.9749943000,1.050000,USD,0.85276032,,,5.35,"EUR",0.00,USD,,,,,,
Dividend (Dividend),2025-07-10 13:48:27,US01609W1027,BABA,"Alibaba",,,5.9749943000,0.950000,USD,0.85267643,,,4.84,"EUR",0.00,USD,,,,,,
Dividend (Dividend),2025-07-10 14:12:54,US79466L3024,CRM,"Salesforce",,,0.5157486000,0.353600,USD,0.87734351,,,0.16,"EUR",0.03,USD,,,,,,
Interest on cash,2025-07-11 00:04:54,,,,"Interest on cash",bf530609-8ad8-4a0d-b36f-6cd492dd06d8,,,,,,,0.06,"EUR",,,,,,,,
Market buy,2025-07-11 07:36:03,NL0000235190,AIR,"Airbus",,EOF35500413349,0.0547585100,182.6200000000,EUR,1.00000000,,"EUR",10.00,"EUR",,,,,,,,
Market buy,2025-07-11 07:36:04,FR0000121329,HO,"Thales",,EOF35500413369,0.0593563700,251.7000000000,EUR,1.00000000,,"EUR",15.00,"EUR",,,,,,,0.06,"EUR"
Market buy,2025-07-11 07:36:04,DE0007030009,RHM,"Rheinmetall",,EOF35500413363,0.0081059100,1850.5000000000,EUR,1.00000000,,"EUR",15.00,"EUR",,,,,,,,
Market buy,2025-07-11 07:36:04,GB0009697037,BAB,"Babcock International",,EOF35500413359,1.1891330200,1081.0000000000,GBX,86.27199963,,"EUR",15.00,"EUR",,,0.08,"EUR",0.02,"EUR",,
Market buy,2025-07-11 07:36:04,GB00B63H8491,RR,"Rolls-Royce",,EOF35500413354,0.6944738700,987.6000000000,GBX,86.27199924,,"EUR",8.00,"EUR",,,0.04,"EUR",0.01,"EUR",,
Market buy,2025-07-11 07:36:33,GB00B012BV22,MSLH,"Marshalls",,EOF35500413442,4.2593126100,261.5000000000,GBX,86.27499980,,"EUR",13.00,"EUR",,,0.07,"EUR",0.02,"EUR",,
Market buy,2025-07-11 12:00:02,US52660W1018,FINMY,"Leonardo",,EOF35501671334,0.0066540500,27.4200000000,USD,1.14033781,,"EUR",0.16,"EUR",,,,,,,,
Market buy,2025-07-11 12:00:02,US78516J1016,SAABY,"Saab",,EOF35501671471,0.4938000400,25.9900000000,USD,1.16883998,,"EUR",11.00,"EUR",,,,,0.02,"EUR",,
Market buy,2025-07-11 12:00:14,US52660W1018,FINMY,"Leonardo",,EOF35501671640,0.5466577000,27.4100000000,USD,1.16878998,,"EUR",12.84,"EUR",,,,,0.02,"EUR",,
Market sell,2025-07-11 13:30:01,US02079K3059,GOOGL,"Alphabet (Class A)",,EOF35501695660,0.9340675700,176.7100000000,USD,1.16955346,-0.19,"EUR",140.92,"EUR",,,,,0.21,"EUR",,
Market sell,2025-07-11 13:30:05,US0567521085,BIDU,"Baidu",,EOF35503657999,0.3487191000,88.0000000000,USD,1.16948478,-9.91,"EUR",26.20,"EUR",,,,,0.04,"EUR",,
Market buy,2025-07-11 13:30:18,US67066G1040,NVDA,"Nvidia",,EOF35503689596,0.1011777000,164.1500000000,USD,1.16959996,,"EUR",14.22,"EUR",,,,,0.02,"EUR",,
Market buy,2025-07-11 13:30:18,US69608A1088,PLTR,"Palantir",,EOF35503689610,0.0449153800,142.9600000000,USD,1.16959976,,"EUR",5.50,"EUR",,,,,0.01,"EUR",,
Market buy,2025-07-11 13:30:18,DE0007164600,SAP,"SAP",,EOF35503689717,0.0436454500,260.0500000000,EUR,1.00000000,,"EUR",11.35,"EUR",,,,,,,,
Market buy,2025-07-11 13:30:19,USN070592100,ASML,"ASML",,EOF35503689784,0.0214398500,798.6500000000,USD,1.16959946,,"EUR",14.66,"EUR",,,,,0.02,"EUR",,
Market buy,2025-07-11 13:30:19,US5951121038,MU,"Micron Technology",,EOF35503689811,0.0733282700,122.0200000000,USD,1.16960986,,"EUR",7.66,"EUR",,,,,0.01,"EUR",,
Market buy,2025-07-11 13:30:19,US8740391003,TSM,"Taiwan Semiconductor Manufacturing",,EOF35503689851,0.0411295800,230.9100000000,USD,1.16960976,,"EUR",8.13,"EUR",,,,,0.01,"EUR",,
Market buy,2025-07-11 13:30:19,US5949181045,MSFT,"Microsoft",,EOF35503689878,0.0379915300,499.3500000000,USD,1.16960977,,"EUR",16.24,"EUR",,,,,0.02,"EUR",,
Market buy,2025-07-11 13:30:20,GB00B2B0DG97,REL,"RELX",,EOF35503690041,0.8886843000,4014.0000000000,GBX,86.56099927,,"EUR",41.48,"EUR",,,0.21,"EUR",0.06,"EUR",,
Market buy,2025-07-11 13:30:23,US12468P1049,AI,"C3.ai",,EOF35503690565,0.3948499200,26.6000000000,USD,1.16959998,,"EUR",8.99,"EUR",,,,,0.01,"EUR",,
Market buy,2025-07-11 13:30:25,US0404132054,ANET,"Arista Networks",,EOF35503690738,0.0125196600,106.5000000000,USD,1.16959981,,"EUR",1.14,"EUR",,,,,,,,
Market buy,2025-07-11 13:30:50,US68389X1054,ORCL,"Oracle",,EOF35503693069,0.0775039800,231.1600000000,USD,1.16943994,,"EUR",15.34,"EUR",,,,,0.02,"EUR",,
Interest on cash,2025-07-12 00:04:59,,,,"Interest on cash",8afc3744-6b55-493a-8c9b-4775143d1a0b,,,,,,,0.05,"EUR",,,,,,,,
Interest on cash,2025-07-13 00:03:35,,,,"Interest on cash",c410f885-6d02-4c2b-8995-a1777e0090e6,,,,,,,0.05,"EUR",,,,,,,,
Interest on cash,2025-07-14 00:04:59,,,,"Interest on cash",b3b147ab-f0e8-4692-a4b6-a8791caf741b,,,,,,,0.06,"EUR",,,,,,,,
Interest on cash,2025-07-15 00:03:40,,,,"Interest on cash",1f83e111-5c95-4247-98f2-d15ca51672de,,,,,,,0.05,"EUR",,,,,,,,
Interest on cash,2025-07-16 00:03:49,,,,"Interest on cash",ee771267-7d0d-4704-8505-614d6606a699,,,,,,,0.05,"EUR",,,,,,,,
Interest on cash,2025-07-17 00:03:42,,,,"Interest on cash",4eace548-7288-47c5-bbfc-7134828bfd58,,,,,,,0.06,"EUR",,,,,,,,
Market buy,2025-07-17 07:00:12,IE00B4L5Y983,IWDA,"iShares Core MSCI World (Acc)",,EOF35759285374,2.4387006500,118.5600000000,USD,1.15828999,,"EUR",250.00,"EUR",,,,,0.38,"EUR",,
Market buy,2025-07-17 07:04:28,IE000QOU09J7,FXAC,"iShares China Large Cap (Acc)",,EOF35760803576,8.9287039200,4.2105000000,EUR,1.00000000,,"EUR",37.59,"EUR",,,,,,,,
Market buy,2025-07-17 07:04:29,IE000QOU09J7,FXAC,"iShares China Large Cap (Acc)",,EOF35760803634,2.9473234200,4.2106000000,EUR,1.00000000,,"EUR",12.41,"EUR",,,,,,,,
Interest on cash,2025-07-18 00:05:11,,,,"Interest on cash",632670e3-f3f1-4d9f-9d18-65f31849a5df,,,,,,,0.03,"EUR",,,,,,,,
Market buy,2025-07-18 07:00:20,IE00B4ND3602,EGLN,"iShares Physical Gold",,EOF35811605074,3.5810205900,55.8500000000,EUR,1.00000000,,"EUR",200.00,"EUR",,,,,,,,
Market buy,2025-07-18 13:30:00,US64110L1061,NFLX,"Netflix",,EOF35853373833,0.0043901000,1243.3900000000,USD,1.16636889,,"EUR",4.69,"EUR",,,,,0.01,"EUR",,
Market buy,2025-07-18 13:30:02,US02079K3059,GOOGL,"Alphabet (Class A)",,EOF35853381864,0.0125475700,185.9100000000,USD,1.16635936,,"EUR",2.00,"EUR",,,,,,,,
Market buy,2025-07-18 13:30:04,US0231351067,AMZN,"Amazon",,EOF35853384100,0.0116894600,225.5000000000,USD,1.16635983,,"EUR",2.26,"EUR",,,,,,,,
Market buy,2025-07-18 13:30:04,US79466L3024,CRM,"Salesforce",,EOF35853385181,0.0386501800,260.7300000000,USD,1.16634970,,"EUR",8.65,"EUR",,,,,0.01,"EUR",,
Market buy,2025-07-18 13:30:08,US30303M1027,META,"Meta Platforms",,EOF35855104698,0.0112849200,702.8000000000,USD,1.16632967,,"EUR",6.81,"EUR",,,,,0.01,"EUR",,
Market buy,2025-07-18 13:30:11,US17275R1023,CSCO,"Cisco Systems",,EOF35855118056,0.0372354200,68.6000000000,USD,1.16636977,,"EUR",2.19,"EUR",,,,,,,,
Market buy,2025-07-18 13:31:06,US01609W1027,BABA,"Alibaba",,EOF35855126921,0.0365669000,121.5000000000,USD,1.16610980,,"EUR",3.82,"EUR",,,,,0.01,"EUR",,
Interest on cash,2025-07-19 00:04:59,,,,"Interest on cash",e5afe5ef-e8dc-4e47-bb59-49137134eb26,,,,,,,0.02,"EUR",,,,,,,,
Interest on cash,2025-07-20 00:04:57,,,,"Interest on cash",c7f2c862-d647-45d5-8c4f-50d18316e060,,,,,,,0.03,"EUR",,,,,,,,
Interest on cash,2025-07-21 00:03:38,,,,"Interest on cash",cd8034ab-bd81-4ccf-8553-76f485e46a58,,,,,,,0.02,"EUR",,,,,,,,
Market buy,2025-07-21 07:00:11,DE0007164600,SAP,"SAP",,EOF35950400596,0.0575969700,264.2500000000,EUR,1.00000000,,"EUR",15.22,"EUR",,,,,,,,
Market buy,2025-07-21 07:00:34,ES0113900J37,BNC,"Banco Santander",,EOF35950417406,0.3370079700,627.0000000000,GBX,86.59999884,,"EUR",2.44,"EUR",,,,,,,,
Market buy,2025-07-21 07:00:34,GB00B2B0DG97,REL,"RELX",,EOF35950418317,0.4271857100,3947.0000000000,GBX,86.59999986,,"EUR",19.60,"EUR",,,0.10,"EUR",0.03,"EUR",,
Market buy,2025-07-21 07:00:41,IE00B3XXRP09,VUSA,"Vanguard S&P 500 (Dist)",,EOF35950428045,1.7005236100,88.9800100000,GBP,0.86592999,,"EUR",175.00,"EUR",,,,,0.26,"EUR",,
Market sell,2025-07-21 07:03:50,GB0009697037,BAB,"Babcock International",,EOF35950446595,0.3625278900,1056.0000000000,GBX,86.61299815,-0.12,"EUR",4.41,"EUR",,,,,0.01,"EUR",,
Market sell,2025-07-21 07:03:52,DE0007030009,RHM,"Rheinmetall",,EOF35950446634,0.0025779900,1827.0000000000,EUR,1.00000000,-0.06,"EUR",4.71,"EUR",,,,,,,,
Market sell,2025-07-21 07:03:56,FR0000121329,HO,"Thales",,EOF35950446854,0.0040404000,247.5000000000,EUR,1.00000000,-0.02,"EUR",1.00,"EUR",,,,,,,,
Market sell,2025-07-21 07:04:19,GB00B012BV22,MSLH,"Marshalls",,EOF36001751983,0.9382533300,264.0000000000,GBX,86.60799969,0.02,"EUR",2.86,"EUR",,,,,,,,
Market sell,2025-07-21 12:00:02,US52660W1018,FINMY,"Leonardo",,EOF36003344050,0.0582951500,28.2200000000,USD,1.16672988,0.04,"EUR",1.41,"EUR",,,,,,,,
Market sell,2025-07-21 12:39:15,US78516J1016,SAABY,"Saab",,EOF36004902758,0.0954451400,26.1600000000,USD,1.16674993,0.02,"EUR",2.14,"EUR",,,,,,,,
Market buy,2025-07-21 12:39:18,NL0000235190,AIR,"Airbus",,EOF36004902831,0.0104110400,185.3800000000,EUR,1.00000000,,"EUR",1.93,"EUR",,,,,,,,
Market buy,2025-07-21 12:39:27,GB00B63H8491,RR,"Rolls-Royce",,EOF36004902902,0.3457306900,1004.0000000000,GBX,86.56199819,,"EUR",4.04,"EUR",,,0.02,"EUR",0.01,"EUR",,
Market buy,2025-07-21 13:30:01,US5951121038,MU,"Micron Technology",,EOF36004916921,0.3000695500,113.6500000000,USD,1.16630999,,"EUR",29.28,"EUR",,,,,0.04,"EUR",,
Market buy,2025-07-21 13:30:01,USN070592100,ASML,"ASML",,EOF36004917722,0.0272764700,731.8100000000,USD,1.16663901,,"EUR",17.14,"EUR",,,,,0.03,"EUR",,
Market buy,2025-07-21 13:30:01,US67066G1040,NVDA,"Nvidia",,EOF36004919998,0.0431341600,172.7800000000,USD,1.16630988,,"EUR",6.40,"EUR",,,,,0.01,"EUR",,
Market buy,2025-07-21 13:30:05,US0404132054,ANET,"Arista Networks",,EOF36004930028,0.0148162400,111.7800000000,USD,1.16630937,,"EUR",1.42,"EUR",,,,,,,,
Market buy,2025-07-21 13:30:06,US5949181045,MSFT,"Microsoft",,EOF36004935967,0.0187995800,507.4800000000,USD,1.16630939,,"EUR",8.19,"EUR",,,,,0.01,"EUR",,
Market buy,2025-07-21 13:30:09,US46625H1005,JPM,"JPMorgan Chase & Co",,EOF36004938344,0.0487999100,291.1000000000,USD,1.16630983,,"EUR",12.20,"EUR",,,,,0.02,"EUR",,
Market buy,2025-07-21 13:30:16,USN070592100,ASML,"ASML",,EOF36006480182,0.0224229800,731.8000000000,USD,1.16624994,,"EUR",14.09,"EUR",,,,,0.02,"EUR",,
Market buy,2025-07-21 13:30:17,US3695501086,GD,"General Dynamics",,EOF36006484555,0.0391846500,300.0000000000,USD,1.16620982,,"EUR",10.10,"EUR",,,,,0.02,"EUR",,
Market buy,2025-07-21 13:30:17,US8740391003,TSM,"Taiwan Semiconductor Manufacturing",,EOF36006484552,0.0249555300,240.2000000000,USD,1.16620978,,"EUR",5.15,"EUR",,,,,0.01,"EUR",,
Market buy,2025-07-21 13:30:17,US57636Q1040,MA,"Mastercard",,EOF36006486935,0.0343554300,553.6500000000,USD,1.16620992,,"EUR",16.33,"EUR",,,,,0.02,"EUR",,
Market buy,2025-07-21 13:30:21,US92826C8394,V,"Visa",,EOF36006492227,0.0634437600,349.2600000000,USD,1.16622987,,"EUR",19.03,"EUR",,,,,0.03,"EUR",,
Market buy,2025-07-21 13:30:37,US68389X1054,ORCL,"Oracle",,EOF36007903788,0.0278154000,245.2800000000,USD,1.16624979,,"EUR",5.86,"EUR",,,,,0.01,"EUR",,
Lending interest,2025-07-22 02:50:47,,,,"Share lending interest",2449ae98-0ae7-4085-beb1-db50f4a7f4df,,,,,,,0.02,"EUR",,,,,,,,
Dividend (Dividend),2025-07-22 08:36:46,US5951121038,MU,"Micron Technology",,,1.8940132000,0.097750,USD,0.86421184,,,0.16,"EUR",0.03,USD,,,,,,
Lending interest,2025-07-23 03:01:38,,,,"Share lending interest",ca3f3d61-fd2f-4490-b3b7-da757d9a1633,,,,,,,0.01,"EUR",,,,,,,,
Dividend (Dividend),2025-07-23 11:34:13,US17275R1023,CSCO,"Cisco Systems",,,1.9081670000,0.348500,USD,0.85714775,,,0.57,"EUR",0.12,USD,,,,,,
Lending interest,2025-07-24 03:08:03,,,,"Share lending interest",a8f35d61-30e0-4a54-887e-adf62dadbc54,,,,,,,0.01,"EUR",,,,,,,,
Dividend (Dividend),2025-07-24 11:11:06,US68389X1054,ORCL,"Oracle",,,2.5628381600,0.425000,USD,0.85383280,,,0.93,"EUR",0.19,USD,,,,,,
Lending interest,2025-07-25 03:01:18,,,,"Share lending interest",da7e9c6f-5816-44a7-b4ec-1bb2e8722269,,,,,,,0.01,"EUR",,,,,,,,
Lending interest,2025-07-26 02:50:04,,,,"Share lending interest",ef051aea-2ec8-44cc-b63d-bc9b43fa9fac,,,,,,,0.02,"EUR",,,,,,,,
Interest on cash,2025-07-27 00:03:34,,,,"Interest on cash",519ac9bf-d189-4cbb-8656-fa8ed16c413f,,,,,,,0.01,"EUR",,,,,,,,
Lending interest,2025-07-28 02:46:48,,,,"Share lending interest",d53766ad-3b49-4a49-837f-947f797d5ed8,,,,,,,0.04,"EUR",,,,,,,,
Deposit,2025-07-28 06:45:50,,,,"Bank Transfer",aa922c2e-cc0b-4d11-9f86-c44a728a3f18,,,,,,,500.00,"EUR",,,,,,,,
Interest on cash,2025-07-29 00:04:51,,,,"Interest on cash",4ec409ea-a8f3-4b10-a74e-20a8a2fea379,,,,,,,0.03,"EUR",,,,,,,,
Lending interest,2025-07-29 02:50:21,,,,"Share lending interest",d3e2a7f6-fc6c-43df-9961-682d58be6de0,,,,,,,0.02,"EUR",,,,,,,,
Interest on cash,2025-07-30 00:04:48,,,,"Interest on cash",fee93ef7-ee6c-4154-8bfc-29d58c357390,,,,,,,0.03,"EUR",,,,,,,,
Lending interest,2025-07-30 03:13:04,,,,"Share lending interest",cf39199d-6b40-4407-9d3b-ae0755ae352e,,,,,,,0.01,"EUR",,,,,,,,
Stock split open,2025-07-30 06:42:26,US05606L1008,BYDDY,"BYD",,EOF36410752537,12.0000000000,16.3333333300,USD,1.16952085,,"EUR",167.59,"EUR",,,,,,,,
Stock split close,2025-07-30 06:42:26,US05606L1008,BYDDY,"BYD",,EOF36410752532,2.0000000000,98.0000000000,USD,1.16952085,0.00,"EUR",167.59,"EUR",,,,,,,,
Interest on cash,2025-07-31 00:03:34,,,,"Interest on cash",9bf52505-d9dd-418a-810e-6ba22c8f600f,,,,,,,0.03,"EUR",,,,,,,,
Lending interest,2025-07-31 02:55:38,,,,"Share lending interest",e9807fb5-6af6-4ec7-94f2-27b43abc9fd3,,,,,,,0.02,"EUR",,,,,,,,
Dividend (Dividend),2025-07-31 13:01:59,US46625H1005,JPM,"JPMorgan Chase & Co",,,0.5210285600,1.190000,USD,0.87093404,,,0.54,"EUR",0.11,USD,,,,,,
Deposit,2025-07-31 16:19:53,,,,,d661b132-5d48-488d-a9f0-4bb097e9ffd9,,,,,,,200.00,"EUR",,,,,,,,
Market buy,2025-07-31 17:58:05,US3168411052,FIG,"Figma",,EOF36509527581,1.2672262000,89.9900000000,USD,1.14208999,,"EUR",100.00,"EUR",,,,,0.15,"EUR",,
Market buy,2025-07-31 18:13:39,US3168411052,FIG,"Figma",,EOF36509534285,0.6094175300,112.3000000000,USD,1.14233998,,"EUR",60.00,"EUR",,,,,0.09,"EUR",,
Interest on cash,2025-08-01 00:04:55,,,,"Interest on cash",028fd401-7a59-4791-9e62-2254ab3d3774,,,,,,,0.03,"EUR",,,,,,,,
Lending interest,2025-08-01 03:01:58,,,,"Share lending interest",502cf13f-e16a-4634-be99-89c8b8d72f18,,,,,,,0.02,"EUR",,,,,,,,
Interest on cash,2025-08-02 00:03:41,,,,"Interest on cash",efc73083-244a-48ab-8fe0-7f9c1ddece57,,,,,,,0.04,"EUR",,,,,,,,
Lending interest,2025-08-02 02:53:15,,,,"Share lending interest",196d26f6-5711-4cee-a6f1-b29aad9a5318,,,,,,,0.01,"EUR",,,,,,,,
Interest on cash,2025-08-03 00:04:48,,,,"Interest on cash",c626ccc3-f3e5-490c-bd7a-8ff9f4b2182a,,,,,,,0.03,"EUR",,,,,,,,
Interest on cash,2025-08-04 00:04:45,,,,"Interest on cash",52ed17b2-b76c-4d66-95d0-cc0f215de105,,,,,,,0.03,"EUR",,,,,,,,
Lending interest,2025-08-04 03:10:55,,,,"Share lending interest",ad4f6493-4cb6-4e9f-b0e5-e9109b57099d,,,,,,,0.03,"EUR",,,,,,,,
Market buy,2025-08-04 07:00:18,NL0010273215,ASML,"ASML",,EOF36652525079,0.2329450900,601.0000000000,EUR,1.00000000,,"EUR",140.00,"EUR",,,,,,,,
Market buy,2025-08-04 07:03:00,IE00B3XXRP09,VUSA,"Vanguard S&P 500 (Dist)",,EOF36700173428,1.7040301000,89.3650100000,GBP,0.87146999,,"EUR",175.00,"EUR",,,,,0.26,"EUR",,
Market sell,2025-08-04 13:56:13,US3168411052,FIG,"Figma",,EOF36708646084,1.8766437300,100.8100000000,USD,1.15758706,3.67,"EUR",163.18,"EUR",,,,,0.25,"EUR",,
Interest on cash,2025-08-05 00:03:28,,,,"Interest on cash",28c45ac2-0271-4d08-8eb6-26b71fe9f672,,,,,,,0.03,"EUR",,,,,,,,
Lending interest,2025-08-05 03:22:27,,,,"Share lending interest",b55c4769-055d-45d5-8cf8-33487827d80a,,,,,,,0.01,"EUR",,,,,,,,
Interest on cash,2025-08-06 00:03:34,,,,"Interest on cash",9442232f-bd9f-426f-bd20-5dde1f583eb5,,,,,,,0.02,"EUR",,,,,,,,
Lending interest,2025-08-06 03:55:12,,,,"Share lending interest",d9307095-38ad-4fd1-b544-98b56e678817,,,,,,,0.01,"EUR",,,,,,,,
Dividend (Dividend),2025-08-06 12:25:59,NL0010273215,ASML,"ASML",,,1.1000000000,1.360000,EUR,1.00000000,,,1.50,"EUR",0.26,EUR,,,,,,
Dividend (Dividend),2025-08-06 12:49:14,USN070592100,ASML,"ASML",,,0.3516512200,1.569766,USD,0.86954926,,,0.48,"EUR",0.10,USD,,,,,,
Interest on cash,2025-08-07 00:03:49,,,,"Interest on cash",7040eca4-0044-4684-ad79-f845b5ee3de9,,,,,,,0.03,"EUR",,,,,,,,
Lending interest,2025-08-07 03:36:25,,,,"Share lending interest",8ceff0f5-953e-41e5-884f-2bc520121459,,,,,,,0.01,"EUR",,,,,,,,
Deposit,2025-08-07 05:30:09,,,,"Bank Transfer",a7f3c088-f313-41d1-bc5f-e13b0532f14d,,,,,,,350.00,"EUR",,,,,,,,
Market buy,2025-08-07 06:07:23,US88339J1051,TTD,"Trade Desk",,EOF36806949160,1.0353622300,90.0600000000,USD,1.16730999,,"EUR",80.00,"EUR",,,,,0.12,"EUR",,
Deposit,2025-08-07 06:25:59,,,,,53fd5aae-2edb-4277-b5ac-2b073e17eb2a,,,,,,,200.00,"EUR",,,,,,,,
Market buy,2025-08-07 07:00:16,NL0010273215,ASML,"ASML",,EOF36808353433,0.1654533400,604.4000000000,EUR,1.00000000,,"EUR",100.00,"EUR",,,,,,,,
Market buy,2025-08-07 07:00:32,IE000M7V94E1,NUCG,"VanEck Uranium and Nuclear Technologies",,EOF36808356708,0.8100375100,37.9800000000,GBP,0.87301999,,"EUR",35.29,"EUR",,,,,0.05,"EUR",,
Market buy,2025-08-07 08:00:00,US8361001071,SOUN,"SoundHound AI",,EOF36808395870,4.2445690300,11.0000000000,USD,1.16900999,,"EUR",40.00,"EUR",,,,,0.06,"EUR",,
Market buy,2025-08-07 12:53:31,US6701002056,NVO,"Novo Nordisk",,EOF36852858526,2.3729801500,49.0300000000,USD,1.16521999,,"EUR",100.00,"EUR",,,,,0.15,"EUR",,
Market buy,2025-08-07 12:53:58,US6701002056,NVO,"Novo Nordisk",,EOF36852858642,2.3710457900,49.0700000000,USD,1.16521999,,"EUR",100.00,"EUR",,,,,0.15,"EUR",,
Market buy,2025-08-07 13:30:11,US21037T1097,CEG,"Constellation Energy",,EOF36852895714,0.0720032500,338.0000000000,USD,1.16556985,,"EUR",20.91,"EUR",,,,,0.03,"EUR",,
Market buy,2025-08-07 13:30:11,CA13321L1085,CCJ,"Cameco",,EOF36854202483,0.3606978800,76.8500000000,USD,1.16566997,,"EUR",23.82,"EUR",,,,,0.04,"EUR",,
Interest on cash,2025-08-08 00:03:32,,,,"Interest on cash",7974f1a9-bb91-4327-a1a2-4583533a74a7,,,,,,,0.03,"EUR",,,,,,,,
Dividend (Dividend),2025-08-08 12:59:14,US57636Q1040,MA,"Mastercard",,,0.2762146700,0.646000,USD,0.84064377,,,0.15,"EUR",0.03,USD,,,,,,
Market buy,2025-08-08 14:01:58,US88339J1051,TTD,"Trade Desk",,EOF36904717000,2.9814617900,54.6400000000,USD,1.16536999,,"EUR",140.00,"EUR",,,,,0.21,"EUR",,
Interest on cash,2025-08-09 00:03:34,,,,"Interest on cash",76ed3c4e-8354-436c-a2ed-a758a56b8019,,,,,,,0.02,"EUR",,,,,,,,
Interest on cash,2025-08-10 00:03:44,,,,"Interest on cash",62673e91-bf23-4fbb-b07d-5f6644da335f,,,,,,,0.01,"EUR",,,,,,,,
Interest on cash,2025-08-11 00:03:43,,,,"Interest on cash",07f1c7ce-a3a6-4e70-b637-a06ca0711f6c,,,,,,,0.02,"EUR",,,,,,,,
Lending interest,2025-08-11 03:36:14,,,,"Share lending interest",0d1a677f-259d-43d2-aa1f-77355fcb50d7,,,,,,,0.02,"EUR",,,,,,,,
Interest on cash,2025-08-12 00:03:36,,,,"Interest on cash",9d849e08-4842-47e5-aca4-4c69483ff191,,,,,,,0.02,"EUR",,,,,,,,
Market buy,2025-08-12 08:00:25,US6700024010,NVAX,"Novavax",,EOF37062479743,4.3553447400,7.9900000000,USD,1.16190999,,"EUR",30.00,"EUR",,,,,0.05,"EUR",,
Market buy,2025-08-12 18:24:37,US88339J1051,TTD,"Trade Desk",,EOF37105733361,3.3117987000,52.7700000000,USD,1.16687999,,"EUR",150.00,"EUR",,,,,0.23,"EUR",,
Market buy,2025-08-12 18:25:01,US88339J1051,TTD,"Trade Desk",,EOF37105733412,2.9809524300,52.7700000000,USD,1.16694999,,"EUR",135.00,"EUR",,,,,0.20,"EUR",,
Deposit,2025-08-12 18:26:05,,,,,56e055c0-cac9-4578-ab5d-d20ac9af92fc,,,,,,,350.00,"EUR",,,,,,,,
Market buy,2025-08-12 18:26:53,US68389X1054,ORCL,"Oracle",,EOF37105733658,0.4584465500,254.1800000000,USD,1.16702998,,"EUR",100.00,"EUR",,,,,0.15,"EUR",,
Market buy,2025-08-12 18:28:24,US5949181045,MSFT,"Microsoft",,EOF37105733926,0.1537920000,530.2600000000,USD,1.16682996,,"EUR",70.00,"EUR",,,,,0.11,"EUR",,
Interest on cash,2025-08-13 00:03:43,,,,"Interest on cash",9bae2f81-07c2-42d9-8018-13260d1d4560,,,,,,,0.01,"EUR",,,,,,,,
Interest on cash,2025-08-14 00:03:46,,,,"Interest on cash",66e1d3e6-18dc-4fd7-9ee7-67f1cca5c3d3,,,,,,,0.02,"EUR",,,,,,,,
Dividend (Dividend),2025-08-14 09:23:02,US0378331005,AAPL,"Apple",,,2.5000000000,0.221000,USD,0.85067873,,,0.47,"EUR",0.10,USD,,,,,,
Interest on cash,2025-08-15 00:04:01,,,,"Interest on cash",689e0520-058c-456f-b540-dfa9c89edc36,,,,,,,0.01,"EUR",,,,,,,,
Interest on cash,2025-08-16 00:03:57,,,,"Interest on cash",effb8d63-8ef7-472e-935b-59bf6edaf525,,,,,,,0.01,"EUR",,,,,,,,
Interest on cash,2025-08-17 00:03:45,,,,"Interest on cash",fdf67d8f-270e-4272-85ce-ec3db6bf6081,,,,,,,0.01,"EUR",,,,,,,,
Deposit,2025-08-17 07:05:10,,,,,646a5181-0444-4ccb-835d-9d70a3670b1c,,,,,,,200.00,"EUR",,,,,,,,
Interest on cash,2025-08-18 00:03:40,,,,"Interest on cash",81a419fe-ff00-4dda-b6fd-e7d4cffec4b2,,,,,,,0.02,"EUR",,,,,,,,
Lending interest,2025-08-18 03:21:06,,,,"Share lending interest",ad910abd-9ee6-478e-8d56-802c3ee076d3,,,,,,,0.01,"EUR",,,,,,,,
Market buy,2025-08-18 07:00:33,IE00B3XXRP09,VUSA,"Vanguard S&P 500 (Dist)",,EOF37301738650,1.6709246400,90.3000000000,GBP,0.86347999,,"EUR",175.00,"EUR",,,,,0.26,"EUR",,
Market buy,2025-08-18 07:04:09,IE000QOU09J7,FXAC,"iShares China Large Cap (Acc)",,EOF37351059886,11.6082000300,4.3073000000,EUR,1.00000000,,"EUR",50.00,"EUR",,,,,,,,
Market buy,2025-08-18 13:30:04,US64110L1061,NFLX,"Netflix",,EOF37403038166,0.0056445500,1237.0300000000,USD,1.16763840,,"EUR",5.99,"EUR",,,,,0.01,"EUR",,
Market buy,2025-08-18 13:30:04,US70450Y1038,PYPL,"PayPal",,EOF37403036845,0.0411732500,69.4800000000,USD,1.16763975,,"EUR",2.45,"EUR",,,,,,,,
Market buy,2025-08-18 13:30:12,US5949181045,MSFT,"Microsoft",,EOF37403047593,0.0032891200,521.8500000000,USD,1.16763760,,"EUR",1.47,"EUR",,,,,,,,
Market buy,2025-08-18 13:30:21,US79466L3024,CRM,"Salesforce",,EOF37404925430,0.0632825600,240.6100000000,USD,1.16766999,,"EUR",13.06,"EUR",,,,,0.02,"EUR",,
Market buy,2025-08-18 13:30:21,US17275R1023,CSCO,"Cisco Systems",,EOF37404926810,0.1258810800,65.8600000000,USD,1.16767998,,"EUR",7.11,"EUR",,,,,0.01,"EUR",,
Interest on cash,2025-08-19 00:03:42,,,,"Interest on cash",4622bc75-4c9f-45dc-b5f9-ecb68bc19cc6,,,,,,,0.01,"EUR",,,,,,,,
Deposit,2025-08-19 06:45:31,,,,,94987cca-f1d5-4b9f-9723-a9e57e32a915,,,,,,,70.00,"EUR",,,,,,,,
Market buy,2025-08-19 06:47:59,US88339J1051,TTD,"Trade Desk",,EOF37408788359,1.4791968200,55.1500000000,USD,1.16722999,,"EUR",70.00,"EUR",,,,,0.11,"EUR",,
Market buy,2025-08-19 13:30:08,US57636Q1040,MA,"Mastercard",,EOF37451865612,0.0119708900,584.9700000000,USD,1.16710192,,"EUR",6.01,"EUR",,,,,0.01,"EUR",,
Market buy,2025-08-19 13:30:08,US46625H1005,JPM,"JPMorgan Chase & Co",,EOF37451871544,0.0683485200,291.0500000000,USD,1.16741999,,"EUR",17.07,"EUR",,,,,0.03,"EUR",,
Market buy,2025-08-19 13:30:08,US92826C8394,V,"Visa",,EOF37451874563,0.0811928700,342.7800000000,USD,1.16741996,,"EUR",23.88,"EUR",,,,,0.04,"EUR",,
Market buy,2025-08-19 13:30:16,US57636Q1040,MA,"Mastercard",,EOF37451882272,0.0074440500,584.9900000000,USD,1.16747850,,"EUR",3.74,"EUR",,,,,0.01,"EUR",,
Interest on cash,2025-08-20 00:03:57,,,,"Interest on cash",e3827789-5aa7-431e-b4e9-48ab2a97cf18,,,,,,,0.01,"EUR",,,,,,,,
Interest on cash,2025-08-22 00:03:55,,,,"Interest on cash",7d5ce96d-86c6-40aa-b0e4-0ae10546d8f1,,,,,,,0.01,"EUR",,,,,,,,
Interest on cash,2025-08-24 00:03:44,,,,"Interest on cash",ed201d69-f120-4b11-b3ed-3f2a52d4f7ff,,,,,,,0.01,"EUR",,,,,,,,
Lending interest,2025-08-25 03:10:10,,,,"Share lending interest",d7c138f9-77dc-422a-81b0-df03bc4c11e7,,,,,,,0.01,"EUR",,,,,,,,
Interest on cash,2025-08-26 00:03:57,,,,"Interest on cash",badcb995-e809-46a4-8597-b98f0fcfbb8a,,,,,,,0.01,"EUR",,,,,,,,
Dividend (Dividend),2025-08-26 12:23:06,US6701002056,NVO,"Novo Nordisk",,,6.2601223400,0.426554,USD,0.85758789,,,2.29,"EUR",0.99,USD,,,,,,
Deposit,2025-08-27 07:00:24,,,,"Bank Transfer",96f7a5ec-4085-4927-8698-52cf09260608,,,,,,,500.00,"EUR",,,,,,,,
Interest on cash,2025-08-28 00:03:32,,,,"Interest on cash",02d20337-e464-48b0-97cc-8ba9ec6155f3,,,,,,,0.04,"EUR",,,,,,,,
Interest on cash,2025-08-29 00:03:35,,,,"Interest on cash",7cb5c4b4-d1a3-46f7-a4ff-50c3b7008010,,,,,,,0.03,"EUR",,,,,,,,
Interest on cash,2025-08-30 00:03:26,,,,"Interest on cash",dee69a1e-059d-4102-890b-e74753356960,,,,,,,0.04,"EUR",,,,,,,,
Interest on cash,2025-08-31 00:03:51,,,,"Interest on cash",9027ca87-95fc-4a20-99fa-10f5295a386d,,,,,,,0.03,"EUR",,,,,,,,
Interest on cash,2025-09-01 00:03:39,,,,"Interest on cash",796334f5-e279-4e0e-94ee-cdfbf5c8cb5d,,,,,,,0.04,"EUR",,,,,,,,
Market buy,2025-09-01 07:00:32,IE00B3XXRP09,VUSA,"Vanguard S&P 500 (Dist)",,EOF38001736863,1.6714629800,90.5950000000,GBP,0.86657999,,"EUR",175.00,"EUR",,,,,0.26,"EUR",,
Interest on cash,2025-09-02 00:03:45,,,,"Interest on cash",6f56f620-0e74-4030-b67a-cd58167a64f2,,,,,,,0.02,"EUR",,,,,,,,
Lending interest,2025-09-02 03:26:32,,,,"Share lending interest",04e8348c-03d0-42a7-b019-e6bf0b2cc3fb,,,,,,,0.01,"EUR",,,,,,,,
Dividend (Dividend),2025-09-02 11:47:53,US92826C8394,V,"Visa",,,0.5734774400,0.501500,USD,0.86926608,,,0.25,"EUR",0.05,USD,,,,,,
Interest on cash,2025-09-03 00:03:55,,,,"Interest on cash",96625500-710f-4395-a972-4388e0a204d3,,,,,,,0.03,"EUR",,,,,,,,
Interest on cash,2025-09-04 00:03:56,,,,"Interest on cash",17a89d85-2618-4eca-b03d-bf577f378856,,,,,,,0.02,"EUR",,,,,,,,
Interest on cash,2025-09-05 00:03:57,,,,"Interest on cash",2038aa7f-a12a-4c67-821d-b371b3c7994d,,,,,,,0.02,"EUR",,,,,,,,
Dividend (Dividend),2025-09-05 11:19:33,US21037T1097,CEG,"Constellation Energy",,,0.4454180500,0.329630,USD,0.88541894,,,0.13,"EUR",0.03,USD,,,,,,
Interest on cash,2025-09-06 00:03:35,,,,"Interest on cash",77518a90-f78e-482a-bd3f-22dd61f0b4df,,,,,,,0.03,"EUR",,,,,,,,
Interest on cash,2025-09-07 00:03:45,,,,"Interest on cash",37068805-1b69-4f6d-9fd6-aaa1d0bab95c,,,,,,,0.02,"EUR",,,,,,,,
Interest on cash,2025-09-08 00:03:47,,,,"Interest on cash",03b0745e-e8c1-4a17-917d-575cd283dbc8,,,,,,,0.03,"EUR",,,,,,,,
Lending interest,2025-09-08 03:22:48,,,,"Share lending interest",73eac0e4-73ac-4d8a-8aa1-86a859ad55a3,,,,,,,0.02,"EUR",,,,,,,,
Deposit,2025-09-08 05:31:06,,,,"Bank Transfer",a3a6258a-14a6-47e8-9561-279c09dbf649,,,,,,,350.00,"EUR",,,,,,,,
Market buy,2025-09-08 07:00:46,IE000M7V94E1,NUCG,"VanEck Uranium and Nuclear Technologies",,EOF38350847513,0.4731937200,37.0000000000,GBP,0.86759998,,"EUR",20.21,"EUR",,,,,0.03,"EUR",,
Market buy,2025-09-08 13:30:01,US15643U1043,LEU,"Centrus Energy",,EOF38454851947,0.0273816600,206.0000000000,USD,1.17512957,,"EUR",4.81,"EUR",,,,,0.01,"EUR",,
Market buy,2025-09-08 13:30:06,US87422Q1094,TLN,"Talen Energy",,EOF38454864913,0.0072661300,393.0000000000,USD,1.17513954,,"EUR",2.43,"EUR",,,,,,,,
Market buy,2025-09-08 13:30:14,CA13321L1085,CCJ,"Cameco",,EOF38454884124,0.1605538300,76.7800000000,USD,1.17514995,,"EUR",10.51,"EUR",,,,,0.02,"EUR",,
Market buy,2025-09-08 13:30:15,US21037T1097,CEG,"Constellation Energy",,EOF38454895105,0.0923176300,304.8800000000,USD,1.17518993,,"EUR",23.99,"EUR",,,,,0.04,"EUR",,
Market buy,2025-09-08 13:31:05,US67079K1007,SMR,"NuScale Power",,EOF38456358724,1.2832805400,34.9000000000,USD,1.17518999,,"EUR",38.17,"EUR",,,,,0.06,"EUR",,
Interest on cash,2025-09-09 00:03:52,,,,"Interest on cash",2d6f78c9-c430-41fa-9790-ca4497b708e3,,,,,,,0.04,"EUR",,,,,,,,
Dividend (Dividend manufactured payment),2025-09-09 13:32:32,IL0065100930,ZIM,"ZIM Integrated Shipping Services",,,5.0000000000,0.060000,USD,0.86666666,,,0.26,"EUR",0.00,USD,,,,,,
Interest on cash,2025-09-10 00:03:39,,,,"Interest on cash",5368ff6b-a367-4a48-9f42-73925118de03,,,,,,,0.04,"EUR",,,,,,,,
Lending interest,2025-09-10 03:05:18,,,,"Share lending interest",95a3f387-e6ce-4658-97d3-7c3bb1d15d29,,,,,,,0.01,"EUR",,,,,,,,
Interest on cash,2025-09-11 00:03:40,,,,"Interest on cash",bd83cd89-bd99-4737-b9a4-80b16b1a785e,,,,,,,0.04,"EUR",,,,,,,,
Lending interest,2025-09-11 03:25:45,,,,"Share lending interest",25368144-728a-43ac-a772-51c63b81bbe0,,,,,,,0.01,"EUR",,,,,,,,
Dividend (Dividend),2025-09-11 12:19:38,GB00B2B0DG97,REL,"RELX",,,4.8726616300,19.500000,GBX,0.01157688,,,1.10,"EUR",0.00,GBX,,,,,,
Dividend (Dividend),2025-09-11 12:24:04,US5949181045,MSFT,"Microsoft",,,1.5430613800,0.705500,USD,0.85428489,,,0.93,"EUR",0.19,USD,,,,,,
Market buy,2025-09-11 13:08:40,US88339J1051,TTD,"Trade Desk",,EOF38600694124,2.5284200500,46.3400000000,USD,1.17342999,,"EUR",100.00,"EUR",,,,,0.15,"EUR",,
Market buy,2025-09-11 13:11:16,US88339J1051,TTD,"Trade Desk",,EOF38600694492,4.0403541600,46.3900000000,USD,1.17320999,,"EUR",160.00,"EUR",,,,,0.24,"EUR",,
Deposit,2025-09-11 13:28:01,,,,,06ebfad2-980a-4a3c-9f6a-a27330420b1e,,,,,,,520.00,"EUR",,,,,,,,
Interest on cash,2025-09-12 00:03:47,,,,"Interest on cash",219d7930-c246-43a3-9c20-5ed298908d04,,,,,,,0.05,"EUR",,,,,,,,
Lending interest,2025-09-12 03:14:03,,,,"Share lending interest",14acc210-ecc4-4c85-9bbb-fc512ffceac6,,,,,,,0.01,"EUR",,,,,,,,
Interest on cash,2025-09-13 00:03:34,,,,"Interest on cash",cb2a0abe-2e20-4c2d-8acd-44a2cdbc5e92,,,,,,,0.06,"EUR",,,,,,,,
Interest on cash,2025-09-14 00:03:33,,,,"Interest on cash",21e0671e-87fb-44b1-9742-f0978fc15ffd,,,,,,,0.05,"EUR",,,,,,,,
Interest on cash,2025-09-15 00:03:33,,,,"Interest on cash",56e37e3b-72bb-4bc7-8663-c69430c24a62,,,,,,,0.06,"EUR",,,,,,,,
Lending interest,2025-09-15 03:01:38,,,,"Share lending interest",4e1d8c64-b0cb-488b-87a4-61bc6c4544c6,,,,,,,0.01,"EUR",,,,,,,,
Market buy,2025-09-15 06:14:23,US68389X1054,ORCL,"Oracle",,EOF38660086572,0.3980321400,294.1800000000,USD,1.17268998,,"EUR",100.00,"EUR",,,,,0.15,"EUR",,
Market buy,2025-09-15 07:00:31,IE00B3XXRP09,VUSA,"Vanguard S&P 500 (Dist)",,EOF38660097206,1.6369400500,92.2900100000,GBP,0.86455999,,"EUR",175.00,"EUR",,,,,0.26,"EUR",,
Dividend (Dividend),2025-09-15 12:35:11,US02079K3059,GOOGL,"Alphabet (Class A)",,,3.0039873700,0.178500,USD,0.85787005,,,0.46,"EUR",0.09,USD,,,,,,
Market buy,2025-09-15 14:38:41,NL0010273215,ASML,"ASML",,EOF38810229795,0.1098599200,728.2000000000,EUR,1.00000000,,"EUR",80.00,"EUR",,,,,,,,
Interest on cash,2025-09-16 00:03:51,,,,"Interest on cash",56af1648-a209-4fb4-93dc-867787cd8fac,,,,,,,0.03,"EUR",,,,,,,,
Dividend (Dividend manufactured payment),2025-09-16 11:26:24,US4606901001,IPG,"Interpublic Group of Companies",,,3.0000000000,0.280500,USD,0.84373143,,,0.71,"EUR",0.15,USD,,,,,,
Interest on cash,2025-09-17 00:03:57,,,,"Interest on cash",a520f06a-d3d2-4943-ba76-825d7f3ffd30,,,,,,,0.03,"EUR",,,,,,,,
Lending interest,2025-09-17 02:57:26,,,,"Share lending interest",196481f5-0b09-4c8d-b8e4-fb394fc875ff,,,,,,,0.01,"EUR",,,,,,,,
Market buy,2025-09-17 07:00:15,IE00B4L5Y983,IWDA,"iShares Core MSCI World (Acc)",,EOF38858149156,0.0269677000,125.3700000000,USD,1.18629492,,"EUR",2.85,"EUR",,,,,,,,
Market buy,2025-09-17 07:00:16,IE00B4L5Y983,IWDA,"iShares Core MSCI World (Acc)",,EOF38858149367,2.3338297700,125.3700000000,USD,1.18563999,,"EUR",247.15,"EUR",,,,,0.37,"EUR",,
Market buy,2025-09-17 07:04:11,IE000QOU09J7,FXAC,"iShares China Large Cap (Acc)",,EOF38860061348,10.8932461800,4.5900000000,EUR,1.00000000,,"EUR",50.00,"EUR",,,,,,,,
Interest on cash,2025-09-18 00:04:02,,,,"Interest on cash",6b428f67-e1ec-46cf-bffb-9c0b7c4d7239,,,,,,,0.02,"EUR",,,,,,,,
Lending interest,2025-09-18 03:00:33,,,,"Share lending interest",944a775a-a611-4479-a5a7-a4a074f2457f,,,,,,,0.01,"EUR",,,,,,,,
Market buy,2025-09-18 07:00:30,IE00B4ND3602,EGLN,"iShares Physical Gold",,EOF38908236356,0.8348639100,59.8900000000,EUR,1.00000000,,"EUR",50.00,"EUR",,,,,,,,
Dividend (Dividend),2025-09-18 08:04:18,GB00B63H8491,RR,"Rolls-Royce",,,1.0402045600,4.500000,GBX,0.01068165,,,0.05,"EUR",0.00,GBX,,,,,,
Market buy,2025-09-18 13:30:01,US64110L1061,NFLX,"Netflix",,EOF38952135304,0.0070946900,1222.5800000000,USD,1.17850898,,"EUR",7.37,"EUR",,,,,0.01,"EUR",,
Market buy,2025-09-18 13:30:04,US0231351067,AMZN,"Amazon",,EOF38952137058,0.0314039700,232.6700000000,USD,1.17850995,,"EUR",6.21,"EUR",,,,,0.01,"EUR",,
Market buy,2025-09-18 13:30:04,US5949181045,MSFT,"Microsoft",,EOF38952141100,0.0199532600,511.4900000000,USD,1.17850957,,"EUR",8.67,"EUR",,,,,0.01,"EUR",,
Market buy,2025-09-18 13:30:10,US79466L3024,CRM,"Salesforce",,EOF38952147914,0.0279006000,245.0000000000,USD,1.17855982,,"EUR",5.81,"EUR",,,,,0.01,"EUR",,
Market buy,2025-09-18 13:30:10,US17275R1023,CSCO,"Cisco Systems",,EOF38952147920,0.0474746600,68.0200000000,USD,1.17854977,,"EUR",2.74,"EUR",,,,,,,,
Interest on cash,2025-09-19 00:03:54,,,,"Interest on cash",cc2a9344-c59b-4c88-bcaa-0f5870ffe235,,,,,,,0.01,"EUR",,,,,,,,
Market buy,2025-09-19 07:00:32,ES0113900J37,BNC,"Banco Santander",,EOF38961218408,0.2119983600,748.0000000000,GBX,87.12899630,,"EUR",1.82,"EUR",,,,,,,,
Market buy,2025-09-19 13:30:05,US57636Q1040,MA,"Mastercard",,EOF39003072568,0.0359323600,589.3100000000,USD,1.17509983,,"EUR",18.05,"EUR",,,,,0.03,"EUR",,
Market buy,2025-09-19 13:30:05,US46625H1005,JPM,"JPMorgan Chase & Co",,EOF39003076829,0.0237265400,314.0000000000,USD,1.17509993,,"EUR",6.35,"EUR",,,,,0.01,"EUR",,
Market buy,2025-09-19 13:30:11,US92826C8394,V,"Visa",,EOF39003088224,0.0825188900,341.4900000000,USD,1.17511992,,"EUR",24.02,"EUR",,,,,0.04,"EUR",,
Interest on cash,2025-09-20 00:03:53,,,,"Interest on cash",56191607-d2bb-4639-9f4e-606c28606bc6,,,,,,,0.01,"EUR",,,,,,,,
Interest on cash,2025-09-21 00:04:05,,,,"Interest on cash",f7c1c7af-2adb-420f-b806-044a96137cc6,,,,,,,0.01,"EUR",,,,,,,,
Interest on cash,2025-09-22 00:03:51,,,,"Interest on cash",93af74fb-6876-4339-8315-6b452a6838d5,,,,,,,0.01,"EUR",,,,,,,,
Lending interest,2025-09-22 03:10:39,,,,"Share lending interest",a21d3c25-8949-4927-8591-579cdcb5d510,,,,,,,0.02,"EUR",,,,,,,,
Market buy,2025-09-22 07:00:04,DE0007164600,SAP,"SAP",,EOF39051739540,0.1455471800,225.7000000000,EUR,1.00000000,,"EUR",32.85,"EUR",,,,,,,,
Market buy,2025-09-22 07:00:37,GB00B2B0DG97,REL,"RELX",,EOF39100309121,0.5822261100,3488.0000000000,GBX,87.15899878,,"EUR",23.46,"EUR",,,0.12,"EUR",0.04,"EUR",,
Stock split open,2025-09-22 07:13:13,US80512Q5018,NITO,"N2OFF",,EOF39100348762,0.6605602800,77.8581479300,USD,1.03024839,,"EUR",49.92,"EUR",,,,,,,,
Stock split close,2025-09-22 07:13:13,US80512Q5018,NITO,"N2OFF",,EOF39100348757,23.1196100000,2.2245184900,USD,1.03024839,0.00,"EUR",49.92,"EUR",,,,,,,,
Market buy,2025-09-22 13:30:13,US67066G1040,NVDA,"Nvidia",,EOF39156880875,0.1093305000,175.3500000000,USD,1.17830996,,"EUR",16.29,"EUR",,,,,0.02,"EUR",,
Market buy,2025-09-22 13:30:22,US12468P1049,AI,"C3.ai",,EOF39156891063,1.9813240600,17.7400000000,USD,1.17829999,,"EUR",29.87,"EUR",,,,,0.04,"EUR",,
Lending interest,2025-09-23 03:15:03,,,,"Share lending interest",13ec9080-8175-4192-9621-3ca87b5ba11e,,,,,,,0.03,"EUR",,,,,,,,
Lending interest,2025-09-24 03:06:02,,,,"Share lending interest",b9eb5d52-153f-48d8-a6ef-5b612ee44a4c,,,,,,,0.01,"EUR",,,,,,,,
Market buy,2025-09-25 20:18:31,US80512Q5018,NITO,"N2OFF",,EOF39313611583,3.4380300600,10.1600000000,USD,1.16628999,,"EUR",30.00,"EUR",,,,,0.05,"EUR",,
Deposit,2025-09-25 20:19:41,,,,,75fed5aa-d679-484a-acad-708521014842,,,,,,,100.00,"EUR",,,,,,,,
Market buy,2025-09-25 20:20:41,US80512Q5018,NITO,"N2OFF",,EOF39313611810,5.2274395600,11.1400000000,USD,1.16653999,,"EUR",50.00,"EUR",,,,,0.08,"EUR",,
Market buy,2025-09-25 20:21:07,US80512Q5018,NITO,"N2OFF",,EOF39313611850,3.1849381400,10.9700000000,USD,1.16656999,,"EUR",30.00,"EUR",,,,,0.05,"EUR",,
Interest on cash,2025-09-26 00:03:55,,,,"Interest on cash",30da6e01-7bf0-4f15-b3a5-7fefc9513995,,,,,,,0.01,"EUR",,,,,,,,
Lending interest,2025-09-26 03:09:26,,,,"Share lending interest",9dc56bc9-a461-4631-935f-f48dbaad8ad4,,,,,,,0.01,"EUR",,,,,,,,
Lending interest,2025-09-27 03:29:02,,,,"Share lending interest",c975474b-0dfd-4d36-99ba-2b4b4b76d6ea,,,,,,,0.01,"EUR",,,,,,,,
Lending interest,2025-09-29 03:18:53,,,,"Share lending interest",0b58fc6f-cede-400c-ab04-93f77dfa4787,,,,,,,0.04,"EUR",,,,,,,,
Deposit,2025-09-29 09:31:44,,,,"Bank Transfer",0c576ee4-8321-4875-9597-fe3b486ac07f,,,,,,,500.00,"EUR",,,,,,,,
Dividend (Dividend),2025-09-29 12:22:47,US30303M1027,META,"Meta Platforms",,,0.8761429200,0.446250,USD,0.84403558,,,0.33,"EUR",0.07,USD,,,,,,
Interest on cash,2025-09-30 00:03:50,,,,"Interest on cash",509e5cfb-9f62-4318-99cf-813705371223,,,,,,,0.03,"EUR",,,,,,,,
Lending interest,2025-09-30 03:27:02,,,,"Share lending interest",72f1ce3f-4745-4589-a64b-ca92b14c7ef0,,,,,,,0.03,"EUR",,,,,,,,
Dividend (Dividend),2025-09-30 12:56:42,GB0009697037,BAB,"Babcock International",,,0.8266051300,4.500000,GBX,0.01075348,,,0.04,"EUR",0.00,GBX,,,,,,
Interest on cash,2025-10-01 00:03:56,,,,"Interest on cash",111b8de5-2b3b-496a-ac14-38f34455dbd2,,,,,,,0.03,"EUR",,,,,,,,
Lending interest,2025-10-01 03:27:40,,,,"Share lending interest",37d61d40-78d1-4737-b724-f81d135b4e52,,,,,,,0.03,"EUR",,,,,,,,
Dividend (Dividend),2025-10-01 12:33:04,IE00B3XXRP09,VUSA,"Vanguard S&P 500 (Dist)",,,90.4139000900,0.223815,GBP,1.14498986,,,23.17,"EUR",0.00,GBP,,,,,,
Market buy,2025-10-01 12:33:47,IE00B3XXRP09,VUSA,"Vanguard S&P 500 (Dist)",,EOF39603194855,0.2013317000,93.3900000000,GBP,0.87047997,,"EUR",21.63,"EUR",,,,,0.03,"EUR",,
Interest on cash,2025-10-02 00:03:54,,,,"Interest on cash",f7cdf3ce-1df8-4988-b141-5f4319da4071,,,,,,,0.03,"EUR",,,,,,,,
Lending interest,2025-10-02 03:30:28,,,,"Share lending interest",34cc0a0e-5571-4b26-bb7c-a62fedb0718d,,,,,,,0.03,"EUR",,,,,,,,
Dividend (Dividend),2025-10-02 14:03:10,US67066G1040,NVDA,"Nvidia",,,8.6647999700,0.008500,USD,0.81465510,,,0.06,"EUR",0.01,USD,,,,,,
Interest on cash,2025-10-03 00:03:46,,,,"Interest on cash",6faf767c-0342-4473-a11a-0eb3bd63c512,,,,,,,0.04,"EUR",,,,,,,,
Lending interest,2025-10-03 03:08:27,,,,"Share lending interest",234de71b-79b9-4142-bfda-bf12322848b8,,,,,,,0.03,"EUR",,,,,,,,
Interest on cash,2025-10-04 00:03:29,,,,"Interest on cash",73f0c9b1-1512-444f-a4f3-8076f70942e1,,,,,,,0.03,"EUR",,,,,,,,
Interest on cash,2025-10-05 00:03:32,,,,"Interest on cash",0b8f1dd3-7d9e-4322-9b36-0cbcb34e7ad8,,,,,,,0.03,"EUR",,,,,,,,
Interest on cash,2025-10-06 00:03:30,,,,"Interest on cash",d3035847-550c-413f-9a85-837d05ee2e01,,,,,,,0.03,"EUR",,,,,,,,
Interest on cash,2025-10-07 00:03:36,,,,"Interest on cash",3dd1ff31-418f-4d37-bde6-add60e222bdb,,,,,,,0.03,"EUR",,,,,,,,
Lending interest,2025-10-07 03:00:25,,,,"Share lending interest",f61231e7-d607-467d-be2b-035cd31d510f,,,,,,,0.01,"EUR",,,,,,,,
Deposit,2025-10-07 05:31:23,,,,"Bank Transfer",7a277f47-7d21-4c81-b98f-f496a9196a6d,,,,,,,350.00,"EUR",,,,,,,,
Market buy,2025-10-07 07:01:06,IE000M7V94E1,NUCG,"VanEck Uranium and Nuclear Technologies",,EOF39871794337,0.3998635600,46.1750000000,GBP,0.86887999,,"EUR",21.28,"EUR",,,,,0.03,"EUR",,
Market buy,2025-10-07 13:30:02,US87422Q1094,TLN,"Talen Energy",,EOF39905101382,0.0740300600,430.4300000000,USD,1.16677988,,"EUR",27.35,"EUR",,,,,0.04,"EUR",,
Market buy,2025-10-07 13:30:16,CA13321L1085,CCJ,"Cameco",,EOF39905135242,0.3284371600,86.2900000000,USD,1.16676996,,"EUR",24.33,"EUR",,,,,0.04,"EUR",,
Market buy,2025-10-07 13:30:21,US21037T1097,CEG,"Constellation Energy",,EOF39905137538,0.0417985700,364.0000000000,USD,1.16676989,,"EUR",13.06,"EUR",,,,,0.02,"EUR",,
Market buy,2025-10-07 13:31:42,US67079K1007,SMR,"NuScale Power",,EOF39905146286,0.3867496300,42.0500000000,USD,1.16662998,,"EUR",13.96,"EUR",,,,,0.02,"EUR",,
Interest on cash,2025-10-08 00:03:21,,,,"Interest on cash",347632de-0b6e-47ba-b490-b97e9a2f1b81,,,,,,,0.05,"EUR",,,,,,,,
Lending interest,2025-10-08 03:00:07,,,,"Share lending interest",8e4b83bf-2c31-4f6a-8fbd-db8213833252,,,,,,,0.04,"EUR",,,,,,,,
Interest on cash,2025-10-09 00:03:22,,,,"Interest on cash",a5ca94a3-d07c-43d0-beb5-e3b58132a73b,,,,,,,0.05,"EUR",,,,,,,,
Lending interest,2025-10-09 03:08:39,,,,"Share lending interest",0b4602d2-787a-4fa6-95ad-ffe2828fb189,,,,,,,0.04,"EUR",,,,,,,,
Dividend (Dividend),2025-10-09 11:08:40,US8740391003,TSM,"Taiwan Semiconductor Manufacturing",,,1.4557011100,0.649352,USD,0.85690489,,,0.81,"EUR",0.25,USD,,,,,,
Dividend (Dividend),2025-10-09 11:57:33,US79466L3024,CRM,"Salesforce",,,0.6328058400,0.353600,USD,0.84912351,,,0.19,"EUR",0.04,USD,,,,,,
Interest on cash,2025-10-10 00:03:21,,,,"Interest on cash",3e96254f-e4e4-4149-b6b8-70bebbfdc61c,,,,,,,0.04,"EUR",,,,,,,,
Lending interest,2025-10-10 02:59:20,,,,"Share lending interest",70502417-ccc0-48f3-83ed-d4f0f9ccb501,,,,,,,0.05,"EUR",,,,,,,,
Interest on cash,2025-10-11 00:03:23,,,,"Interest on cash",ddf457dd-4c22-46fa-866f-73a35bac6c6e,,,,,,,0.05,"EUR",,,,,,,,
Interest on cash,2025-10-12 00:03:27,,,,"Interest on cash",0d599ba3-b6a9-4754-9e8b-75ceb69d936b,,,,,,,0.05,"EUR",,,,,,,,
Interest on cash,2025-10-13 00:03:27,,,,"Interest on cash",0f9da5a8-60e7-4219-830b-17e8aa219710,,,,,,,0.04,"EUR",,,,,,,,
Market buy,2025-10-13 07:00:36,IE00B3XXRP09,VUSA,"Vanguard S&P 500 (Dist)",,EOF40151070026,1.6111130700,94.3725000000,GBP,0.87011999,,"EUR",175.00,"EUR",,,,,0.26,"EUR",,
Interest on cash,2025-10-14 00:03:19,,,,"Interest on cash",99386a4b-f6c6-47d4-9b13-b4713957b3d1,,,,,,,0.04,"EUR",,,,,,,,
Stock split close,2025-10-14 06:36:24,VGG7223M1187,PREM,"Premier African Minerals",,EOF40218735355,3058.7420000000,0.5799998800,GBX,88.83675477,0.00,"EUR",19.97,"EUR",,,,,,,,
Stock split open,2025-10-14 06:36:24,VGG7223M1187,PREM,"Premier African Minerals",,EOF40218735360,305.8742000000,5.7999988200,GBX,88.83675508,,"EUR",19.97,"EUR",,,,,,,,
Interest on cash,2025-10-15 00:03:18,,,,"Interest on cash",591db362-8a57-486b-aeb7-21ecbe8a7c00,,,,,,,0.03,"EUR",,,,,,,,
Market buy,2025-10-15 12:35:40,VGG7223M1187,PREM,"Premier African Minerals",,EOF40303653078,24141.3120000000,0.1800000000,GBX,87.04800000,,"EUR",50.00,"EUR",,,,,0.08,"EUR",,
Interest on cash,2025-10-16 00:03:17,,,,"Interest on cash",6ebe914d-8a09-458a-a4bb-a3287ab1fe10,,,,,,,0.04,"EUR",,,,,,,,
Interest on cash,2025-10-17 00:03:18,,,,"Interest on cash",d4d69e02-b499-4ebc-9581-716813fd32aa,,,,,,,0.03,"EUR",,,,,,,,
Lending interest,2025-10-17 03:01:34,,,,"Share lending interest",a594f230-5e85-4506-9d7a-92433ead7922,,,,,,,0.04,"EUR",,,,,,,,
Market buy,2025-10-17 07:00:11,IE00B4L5Y983,IWDA,"iShares Core MSCI World (Acc)",,EOF40361784628,2.3374851900,125.0500000000,USD,1.17098999,,"EUR",250.00,"EUR",,,,,0.38,"EUR",,
Market buy,2025-10-17 07:04:26,IE000QOU09J7,FXAC,"iShares China Large Cap (Acc)",,EOF40364402329,11.4626318200,4.3620000000,EUR,1.00000000,,"EUR",50.00,"EUR",,,,,,,,
Market buy,2025-10-17 09:16:37,GB0031348658,BARC,"Barclays",,EOF40401819147,13.9312377400,357.6500000000,GBX,87.12199995,,"EUR",57.57,"EUR",,,0.29,"EUR",0.09,"EUR",,
Market buy,2025-10-17 09:16:39,DE0005140008,DBK,"Deutsche Bank",,EOF40401819163,3.1209408400,28.4850000000,EUR,1.00000000,,"EUR",88.90,"EUR",,,,,,,,
Market buy,2025-10-17 09:16:40,ES0113900J37,BNC,"Banco Santander",,EOF40401819177,6.5037303000,716.0000000000,GBX,87.12199990,,"EUR",53.53,"EUR",,,,,0.08,"EUR",,
Lending interest,2025-10-18 03:29:47,,,,"Share lending interest",da4b2d5d-8f4a-4dca-9806-992491fddb35,,,,,,,0.01,"EUR",,,,,,,,
Interest on cash,2025-10-19 00:03:29,,,,"Interest on cash",57bde414-08cd-4b81-bd4a-2c02554a128e,,,,,,,0.01,"EUR",,,,,,,,
Lending interest,2025-10-20 03:12:26,,,,"Share lending interest",7827f7e9-a075-4348-a9e2-9fdd0cf69e20,,,,,,,0.02,"EUR",,,,,,,,
Market buy,2025-10-20 13:30:04,US0231351067,AMZN,"Amazon",,EOF40604097232,0.0705284400,213.8000000000,USD,1.16529988,,"EUR",12.96,"EUR",,,,,0.02,"EUR",,
Market buy,2025-10-20 13:30:04,US64110L1061,NFLX,"Netflix",,EOF40607604503,0.0044052100,1208.8800000000,USD,1.16528889,,"EUR",4.58,"EUR",,,,,0.01,"EUR",,
Market buy,2025-10-20 13:30:10,US30303M1027,META,"Meta Platforms",,EOF40607608954,0.0160053500,721.5100000000,USD,1.16528961,,"EUR",9.92,"EUR",,,,,0.01,"EUR",,
Market buy,2025-10-20 13:30:10,US79466L3024,CRM,"Salesforce",,EOF40607608951,0.0069549600,244.6200000000,USD,1.16528925,,"EUR",1.46,"EUR",,,,,,,,
Market buy,2025-10-20 13:30:10,US70450Y1038,PYPL,"PayPal",,EOF40607611631,0.0175568000,67.7000000000,USD,1.16528956,,"EUR",1.02,"EUR",,,,,,,,
Lending interest,2025-10-21 03:18:46,,,,"Share lending interest",2f57d35f-fe88-46c4-83d6-4a790bb92e73,,,,,,,0.02,"EUR",,,,,,,,
Deposit,2025-10-21 07:32:11,,,,"Transaction ID: VCTRVTNPB8QC9VZ3",ec421d1c-ebcf-4e13-a172-a99141f31b98,,,,,,,100.00,"EUR",,,,,,,,
Market buy,2025-10-21 07:35:14,IE00B4ND3602,EGLN,"iShares Physical Gold",,EOF40616943097,0.6958942200,71.8500000000,EUR,1.00000000,,"EUR",50.00,"EUR",,,,,,,,
Dividend (Dividend),2025-10-21 09:27:33,US5951121038,MU,"Micron Technology",,,2.2674110200,0.097750,USD,0.85724819,,,0.19,"EUR",0.04,USD,,,,,,
Interest on cash,2025-10-22 00:03:23,,,,"Interest on cash",7dd5c392-794b-4c1d-8ad4-34a33d3c09c4,,,,,,,0.01,"EUR",,,,,,,,
Market buy,2025-10-22 06:31:14,US68389X1054,ORCL,"Oracle",,EOF40661684314,0.3165295800,275.2300000000,USD,1.16095997,,"EUR",75.15,"EUR",,,,,0.11,"EUR",,
Dividend (Dividend),2025-10-22 11:31:43,US17275R1023,CSCO,"Cisco Systems",,,2.1187581600,0.348500,USD,0.86675389,,,0.64,"EUR",0.13,USD,,,,,,
Lending interest,2025-10-23 03:13:32,,,,"Share lending interest",005582c6-428d-4621-be97-8d2ba5fbeb73,,,,,,,0.02,"EUR",,,,,,,,
Dividend (Dividend),2025-10-23 09:54:13,US68389X1054,ORCL,"Oracle",,,3.5246362300,0.425000,USD,0.86116521,,,1.29,"EUR",0.26,USD,,,,,,
Lending interest,2025-10-24 03:18:06,,,,"Share lending interest",08c6cca3-b57a-48a5-bc0e-1c354454c732,,,,,,,0.05,"EUR",,,,,,,,
Lending interest,2025-10-25 03:05:46,,,,"Share lending interest",cdceeb61-372b-45ea-a0b8-bc7db95d343c,,,,,,,0.02,"EUR",,,,,,,,
Deposit,2025-10-26 07:04:17,,,,,46efbc9a-5cbd-45b8-ba31-385eecedfa05,,,,,,,100.00,"EUR",,,,,,,,
Lending interest,2025-10-27 04:02:02,,,,"Share lending interest",bfbc2b1d-78c9-4fd6-a3bc-43ed01479280,,,,,,,0.04,"EUR",,,,,,,,
Deposit,2025-10-27 08:01:10,,,,"Bank Transfer",238d0f42-0195-4c19-8350-bfa9210823a8,,,,,,,500.00,"EUR",,,,,,,,
Market buy,2025-10-27 13:30:05,US0079031078,AMD,"Advanced Micro Devices",,EOF40956465819,0.2295989900,258.5000000000,USD,1.16397997,,"EUR",51.07,"EUR",,,,,0.08,"EUR",,
Market buy,2025-10-27 13:30:28,US02079K3059,GOOGL,"Alphabet (Class A)",,EOF40958726178,0.2239569400,265.0100000000,USD,1.16396996,,"EUR",51.07,"EUR",,,,,0.08,"EUR",,
Dividend (Dividend manufactured payment),2025-10-27 13:31:22,US78516J1016,SAABY,"Saab",,,0.3983549000,0.052461,USD,0.95702496,,,0.02,"EUR",0.00,USD,,,,,,
Interest on cash,2025-10-28 02:03:21,,,,"Interest on cash",5817f18c-5baa-4fca-a281-9829881c80f5,,,,,,,0.03,"EUR",,,,,,,,
Lending interest,2025-10-28 04:09:37,,,,"Share lending interest",2bd092f9-b653-435a-85eb-6bc08471ff06,,,,,,,0.04,"EUR",,,,,,,,
Interest on cash,2025-10-29 02:03:26,,,,"Interest on cash",fbcd8938-aeb2-4055-96e3-af6aa6f97092,,,,,,,0.03,"EUR",,,,,,,,
Lending interest,2025-10-29 03:59:05,,,,"Share lending interest",c5b5edd9-e7db-4941-9602-4510fb632065,,,,,,,0.04,"EUR",,,,,,,,
Market buy,2025-10-30 01:44:15,US02079K3059,GOOGL,"Alphabet (Class A)",,EOF41063486099,0.3955851600,293.1500000000,USD,1.16139999,,"EUR",100.00,"EUR",,,,,0.15,"EUR",,
Interest on cash,2025-10-30 02:03:27,,,,"Interest on cash",21bb7032-0b16-41a3-b0c5-8a024422fefe,,,,,,,0.03,"EUR",,,,,,,,
Interest on cash,2025-10-31 02:03:28,,,,"Interest on cash",46e995af-0fe1-4694-a51a-284de2f64d2e,,,,,,,0.03,"EUR",,,,,,,,
Market buy,2025-10-31 03:20:30,US30303M1027,META,"Meta Platforms",,EOF41114783922,0.1704906300,677.6000000000,USD,1.15697997,,"EUR",100.00,"EUR",,,,,0.15,"EUR",,
Dividend (Dividend),2025-10-31 11:32:00,US46625H1005,JPM,"JPMorgan Chase & Co",,,0.6619035300,1.275000,USD,0.86500372,,,0.73,"EUR",0.15,USD,,,,,,
Interest on cash,2025-11-01 02:03:31,,,,"Interest on cash",784d71e6-8103-4917-91b5-bdf0aa84e1fb,,,,,,,0.02,"EUR",,,,,,,,
Interest on cash,2025-11-02 02:03:32,,,,"Interest on cash",0c06f39e-66e2-488c-b462-3ef5e95c6612,,,,,,,0.01,"EUR",,,,,,,,
Interest on cash,2025-11-03 02:03:18,,,,"Interest on cash",b8ad3c71-b029-40db-8ef0-4ee585ff4458,,,,,,,0.02,"EUR",,,,,,,,
Market buy,2025-11-03 08:00:36,IE00B3XXRP09,VUSA,"Vanguard S&P 500 (Dist)",,EOF41250119639,1.5534270300,98.8050100000,GBP,0.87836999,,"EUR",175.00,"EUR",,,,,0.26,"EUR",,
Dividend (Dividend),2025-11-03 14:29:28,ES0113900J37,BNC,"Banco Santander",,,10.8127216300,8.175030,GBX,0.01142607,,,1.01,"EUR",20.73,GBX,,,,,,
Interest on cash,2025-11-04 02:03:14,,,,"Interest on cash",d85a6451-5bef-4afe-a6d9-a0224e2ca6f8,,,,,,,0.01,"EUR",,,,,,,,
Market buy,2025-11-05 01:59:45,US68389X1054,ORCL,"Oracle",,EOF41361586702,0.2352455900,243.8200000000,USD,1.14898997,,"EUR",50.00,"EUR",,,,,0.08,"EUR",,
Market buy,2025-11-05 02:00:44,US30303M1027,META,"Meta Platforms",,EOF41361586720,0.0924544500,620.4900000000,USD,1.14917992,,"EUR",50.00,"EUR",,,,,0.08,"EUR",,
Deposit,2025-11-05 02:02:34,,,,,71f1c4ee-e36a-4767-a601-ad7d8ef9c8f2,,,,,,,150.00,"EUR",,,,,,,,
Interest on cash,2025-11-05 02:03:11,,,,"Interest on cash",7e1095b2-5083-4a97-8891-2d31629e792e,,,,,,,0.01,"EUR",,,,,,,,
Interest on cash,2025-11-06 02:03:26,,,,"Interest on cash",2b64913b-94f4-42b3-a2a3-1d763afdc645,,,,,,,0.01,"EUR",,,,,,,,
Dividend (Dividend),2025-11-06 12:09:17,NL0010273215,ASML,"ASML",,,1.6082583500,1.360000,EUR,1.00000000,,,2.19,"EUR",0.39,EUR,,,,,,
Dividend (Dividend),2025-11-06 12:21:27,USN070592100,ASML,"ASML",,,0.3516512200,1.584427,USD,0.86150315,,,0.48,"EUR",0.10,USD,,,,,,
Interest on cash,2025-11-07 02:03:22,,,,"Interest on cash",bc9a3ada-5a7b-493f-ab25-ff262d9670dd,,,,,,,0.01,"EUR",,,,,,,,
Deposit,2025-11-07 06:30:24,,,,"Bank Transfer",877753c0-8053-497a-ada2-0714c350139e,,,,,,,350.00,"EUR",,,,,,,,
Market buy,2025-11-07 08:00:44,IE000M7V94E1,NUCG,"VanEck Uranium and Nuclear Technologies",,EOF41460196034,0.5080775100,43.9150000000,GBP,0.87877998,,"EUR",25.43,"EUR",,,,,0.04,"EUR",,
Market buy,2025-11-07 14:30:00,US21037T1097,CEG,"Constellation Energy",,EOF41502136170,0.0309884600,339.5000000000,USD,1.15737977,,"EUR",9.10,"EUR",,,,,0.01,"EUR",,
Market buy,2025-11-07 14:30:06,US87422Q1094,TLN,"Talen Energy",,EOF41504600501,0.0686535800,381.0000000000,USD,1.15738999,,"EUR",22.63,"EUR",,,,,0.03,"EUR",,
Market buy,2025-11-07 14:33:42,US67079K1007,SMR,"NuScale Power",,EOF41504629598,1.6550948800,29.9200000000,USD,1.15728999,,"EUR",42.85,"EUR",,,,,0.06,"EUR",,
Dividend (Dividend),2025-11-07 15:00:31,US57636Q1040,MA,"Mastercard",,,0.3659174000,0.646000,USD,0.84608581,,,0.20,"EUR",0.04,USD,,,,,,
Interest on cash,2025-11-08 02:03:22,,,,"Interest on cash",dc7ebc6e-9054-4334-b910-bf1f4ced4589,,,,,,,0.02,"EUR",,,,,,,,
Interest on cash,2025-11-09 02:03:29,,,,"Interest on cash",935235a2-a8d3-4be3-9959-c3f6ac2b1ec6,,,,,,,0.03,"EUR",,,,,,,,
Interest on cash,2025-11-10 02:03:26,,,,"Interest on cash",dd986a61-9365-40ef-9d1f-d50b27bf287e,,,,,,,0.03,"EUR",,,,,,,,
Market buy,2025-11-10 08:00:42,IE00B3XXRP09,VUSA,"Vanguard S&P 500 (Dist)",,EOF41600695522,1.5726242200,97.6900000000,GBP,0.87918999,,"EUR",175.00,"EUR",,,,,0.26,"EUR",,
Interest on cash,2025-11-11 02:03:25,,,,"Interest on cash",3fafa347-c620-45c4-8acf-86b122d6c45e,,,,,,,0.01,"EUR",,,,,,,,
Interest on cash,2025-11-12 02:03:28,,,,"Interest on cash",c4a8f7df-1883-4bb3-866e-bd2e99db383d,,,,,,,0.02,"EUR",,,,,,,,
Interest on cash,2025-11-13 02:03:21,,,,"Interest on cash",5b022e12-b3a0-4bee-b9f8-84f103ca2a67,,,,,,,0.01,"EUR",,,,,,,,
Dividend (Dividend),2025-11-13 10:46:17,US0378331005,AAPL,"Apple",,,2.5000000000,0.221000,USD,0.86877828,,,0.48,"EUR",0.10,USD,,,,,,
Market buy,2025-11-13 16:05:45,US88032Q1094,TCEHY,"Tencent",,EOF41805435311,1.1086921100,83.8800000000,USD,1.16420999,,"EUR",80.00,"EUR",,,,,0.12,"EUR",,
Market buy,2025-11-13 16:06:04,US0567521085,BIDU,"Baidu",,EOF41805435394,0.9486483300,122.5400000000,USD,1.16421999,,"EUR",100.00,"EUR",,,,,0.15,"EUR",,
Market buy,2025-11-13 16:22:24,IL0011681371,NNOX,"Nano-X Imaging",,EOF41805442720,10.4222238600,2.9000000000,USD,1.16426999,,"EUR",26.00,"EUR",,,,,0.04,"EUR",,
Market buy,2025-11-14 06:55:40,US86800U3023,SMCI,"Super Micro Computer",,EOF41809720385,1.3335146500,34.8500000000,USD,1.16356999,,"EUR",40.00,"EUR",,,,,0.06,"EUR",,
Deposit,2025-11-14 06:56:40,,,,,0599ac14-8743-46cf-b493-61aedc1b6432,,,,,,,300.00,"EUR",,,,,,,,
Market buy,2025-11-14 06:59:04,US86800U3023,SMCI,"Super Micro Computer",,EOF41809720510,1.9987405000,34.8800000000,USD,1.16367999,,"EUR",60.00,"EUR",,,,,0.09,"EUR",,
Market sell,2025-11-14 07:58:53,US5949724083,MSTR,"Strategy",,EOF41809724519,0.4000000000,205.1100000000,USD,1.16341463,-82.04,"EUR",70.41,"EUR",,,,,0.11,"EUR",,
Market buy,2025-11-14 08:09:40,DE0007236101,SIE,"Siemens",,EOF41809748264,0.2962359500,226.7500000000,EUR,1.00000000,,"EUR",67.17,"EUR",,,,,,,,
Market buy,2025-11-14 08:09:42,DE0007236101,SIE,"Siemens",,EOF41809748277,0.0124807000,226.7500000000,EUR,1.00000000,,"EUR",2.83,"EUR",,,,,,,,
Market buy,2025-11-14 08:10:02,NL0000235190,AIR,"Airbus",,EOF41809748494,0.4860267300,205.7500000000,EUR,1.00000000,,"EUR",100.00,"EUR",,,,,,,,
Market buy,2025-11-14 11:56:25,US80512Q5018,NITO,"N2OFF",,EOF41852555623,18.6517813400,3.1100000000,USD,1.16199999,,"EUR",50.00,"EUR",,,,,0.08,"EUR",,
Dividend (Dividend),2025-11-14 12:14:18,US3695501086,GD,"General Dynamics",,,0.0391846500,1.275000,USD,0.80063364,,,0.04,"EUR",0.01,USD,,,,,,
Interest on cash,2025-11-15 02:03:21,,,,"Interest on cash",9c492fea-6435-4d7c-a9b6-4b2fdbd9a1b6,,,,,,,0.01,"EUR",,,,,,,,
Interest on cash,2025-11-16 02:03:20,,,,"Interest on cash",1a731364-e649-4231-af69-3e407661d757,,,,,,,0.01,"EUR",,,,,,,,
Lending interest,2025-11-17 03:59:49,,,,"Share lending interest",46329ef4-0a9a-4945-9a52-42ac401f4888,,,,,,,0.01,"EUR",,,,,,,,
Market buy,2025-11-17 08:04:19,IE000QOU09J7,FXAC,"iShares China Large Cap (Acc)",,EOF41900642868,11.0800868600,4.5126000000,EUR,1.00000000,,"EUR",50.00,"EUR",,,,,,,,
Stock split open,2025-11-17 08:36:50,US64110L1061,NFLX,"Netflix",,EOF42001171781,1.3564884000,82.7209432800,USD,1.10682580,,"EUR",101.38,"EUR",,,,,,,,
Stock split close,2025-11-17 08:36:50,US64110L1061,NFLX,"Netflix",,EOF42001171776,0.1356488400,827.2094328300,USD,1.10682580,0.00,"EUR",101.38,"EUR",,,,,,,,
Interest on cash,2025-11-18 02:03:20,,,,"Interest on cash",b6b5bdb2-adbd-4c6d-9bf4-cfe7208bcc67,,,,,,,0.01,"EUR",,,,,,,,
Market buy,2025-11-18 14:30:03,US30303M1027,META,"Meta Platforms",,EOF42052323721,0.0400349800,591.8400000000,USD,1.15977986,,"EUR",20.46,"EUR",,,,,0.03,"EUR",,
Market buy,2025-11-18 14:30:03,US64110L1061,NFLX,"Netflix",,EOF42052323718,0.0937918100,110.3000000000,USD,1.15977989,,"EUR",8.93,"EUR",,,,,0.01,"EUR",,
Lending interest,2025-11-21 04:18:07,,,,"Share lending interest",89c3367b-d954-4e0a-a02b-5a035cb68ef7,,,,,,,0.01,"EUR",,,,,,,,
Lending interest,2025-11-22 03:56:18,,,,"Share lending interest",174c3faa-3808-4b97-b25b-977489e6c9a0,,,,,,,0.01,"EUR",,,,,,,,
Lending interest,2025-11-24 03:43:57,,,,"Share lending interest",ff1d921c-c8d4-4f0e-9f0a-8603cfdfad93,,,,,,,0.03,"EUR",,,,,,,,
Market sell,2025-11-24 09:00:00,US76655K1034,RGTI,"Rigetti Computing",,EOF42300797023,2.6424270000,24.1100000000,USD,1.15289386,5.33,"EUR",55.18,"EUR",,,,,0.08,"EUR",,
Interest on cash,2025-11-25 02:03:26,,,,"Interest on cash",51f424c6-b1cc-4fac-8257-3389ea7a6269,,,,,,,0.01,"EUR",,,,,,,,
Lending interest,2025-11-25 04:05:02,,,,"Share lending interest",6772ccdb-4078-42b2-a28e-a9e1c4407159,,,,,,,0.01,"EUR",,,,,,,,
Lending interest,2025-11-26 04:04:37,,,,"Share lending interest",92d9aa14-46bc-4d67-8dc8-97ce50e89604,,,,,,,0.01,"EUR",,,,,,,,
Interest on cash,2025-11-27 02:03:21,,,,"Interest on cash",dae03c3a-d877-4807-9ed5-e653a5d1b79f,,,,,,,0.01,"EUR",,,,,,,,
Deposit,2025-11-27 07:53:09,,,,,7265cc11-3f74-42a8-8170-31ab8adc272c,,,,,,,300.00,"EUR",,,,,,,,
Market buy,2025-11-27 07:58:52,JP3898400001,MBI,"Mitsubishi",,EOF42458017655,0.6893156000,20.3100000000,EUR,1.00000000,,"EUR",14.00,"EUR",,,,,,,,
Market buy,2025-11-27 08:00:00,ES0144580Y14,IBE,"Iberdrola",,EOF42458017759,0.7664932900,18.2650000000,EUR,1.00000000,,"EUR",14.00,"EUR",,,,,,,,
Market buy,2025-11-27 08:00:10,DE0008404005,ALV,"Allianz",,EOF42458018804,0.0429645500,372.4000000000,EUR,1.00000000,,"EUR",16.00,"EUR",,,,,,,,
Market buy,2025-11-27 08:00:11,FR0000120578,SAN,"Sanofi",,EOF42458018911,0.1620553300,86.0200000000,EUR,1.00000000,,"EUR",14.00,"EUR",,,,,,,0.06,"EUR"
Market buy,2025-11-27 08:00:13,CH0012005267,NOVN,"Novartis",,EOF42458019099,0.1242273000,104.9800000000,CHF,0.93285993,,"EUR",14.00,"EUR",,,,,0.02,"EUR",,
Market buy,2025-11-27 08:00:13,CH0038863350,NESN,"Nestle",,EOF42458019105,0.1632213100,79.9000000000,CHF,0.93285999,,"EUR",14.00,"EUR",,,,,0.02,"EUR",,
Market buy,2025-11-27 08:00:20,DE0005557508,DTE,"Deutsche Telekom",,EOF42458019534,0.3621876100,27.6100000000,EUR,1.00000000,,"EUR",10.00,"EUR",,,,,,,,
Market buy,2025-11-27 08:00:22,FR0000125486,DG,"Vinci",,EOF42458019615,0.1143560200,121.9000000000,EUR,1.00000000,,"EUR",14.00,"EUR",,,,,,,0.06,"EUR"
Market buy,2025-11-27 08:00:24,GB00BVZK7T90,UNA,"Unilever",,EOF42458019729,0.2701659500,51.8200000000,EUR,1.00000000,,"EUR",14.00,"EUR",,,,,,,,
Market buy,2025-11-27 08:00:24,DE0005552004,DHL,"DHL Group",,EOF42458019789,0.3575418900,44.7500000000,EUR,1.00000000,,"EUR",16.00,"EUR",,,,,,,,
Market buy,2025-11-27 08:00:25,FR0000120271,TTE,"TotalEnergies",,EOF42458019930,0.2820739600,56.5100000000,EUR,1.00000000,,"EUR",16.00,"EUR",,,,,,,0.06,"EUR"
Deposit,2025-11-27 08:00:31,,,,"Bank Transfer",ed909c52-7b6a-41b0-92c9-e07f19eee2ce,,,,,,,500.00,"EUR",,,,,,,,
Market buy,2025-11-27 08:00:33,AU000000BHP4,BHP,"BHP Group",,EOF42458022271,0.5934757300,2063.0000000000,GBX,87.57799935,,"EUR",14.00,"EUR",,,,,0.02,"EUR",,
Market buy,2025-11-28 01:00:03,US26603R1068,DUOL,"Duolingo",,EOF42504304333,1.0000000000,195.8700000000,USD,1.15940570,,"EUR",169.19,"EUR",,,,,0.25,"EUR",,
Interest on cash,2025-11-28 02:03:27,,,,"Interest on cash",4e805548-f0a7-4b1e-ae29-8aea1b5b0f80,,,,,,,0.04,"EUR",,,,,,,,
Lending interest,2025-11-28 04:09:14,,,,"Share lending interest",142f0bd0-8cf1-4895-8e63-af3fb114f948,,,,,,,0.02,"EUR",,,,,,,,
Market buy,2025-11-28 14:30:14,US4381283088,HMC,"Honda Motor",,EOF42555704852,0.5342871500,30.2800000000,USD,1.15723997,,"EUR",14.00,"EUR",,,,,0.02,"EUR",,
Market buy,2025-11-28 14:30:23,US91912E1055,VALE,"Vale",,EOF42555728878,1.4595276800,12.6700000000,USD,1.15720999,,"EUR",16.00,"EUR",,,,,0.02,"EUR",,
Interest on cash,2025-11-29 02:03:23,,,,"Interest on cash",2d9f1e9f-60c7-439d-bdc0-063d24de35ce,,,,,,,0.03,"EUR",,,,,,,,
Lending interest,2025-11-29 03:57:54,,,,"Share lending interest",5294beec-0646-45c5-9618-921362c75f97,,,,,,,0.02,"EUR",,,,,,,,
Interest on cash,2025-11-30 02:03:34,,,,"Interest on cash",f5472855-21c9-4607-ba93-17f9797a9ef7,,,,,,,0.03,"EUR",,,,,,,,
Interest on cash,2025-12-01 02:03:25,,,,"Interest on cash",94c59525-de05-47a2-8e49-ebf734102221,,,,,,,0.03,"EUR",,,,,,,,
Lending interest,2025-12-01 04:02:00,,,,"Share lending interest",08b4c498-d870-4a22-8dc9-dae8bbbbadba,,,,,,,0.04,"EUR",,,,,,,,
Dividend (Dividend),2025-12-01 14:41:03,GB00B012BV22,MSLH,"Marshalls",,,3.3210592800,2.200000,GBX,0.01094940,,,0.08,"EUR",0.00,GBX,,,,,,
Dividend (Dividend),2025-12-01 14:55:30,US92826C8394,V,"Visa",,,0.7371892000,0.569500,USD,0.85749146,,,0.36,"EUR",0.07,USD,,,,,,
Market sell,2025-12-01 15:01:51,US4606901001,IPG,"Interpublic Group of Companies",,EOF42711569562,3.0000000000,0E-10,USD,,-91.32,"EUR",0.00,"EUR",,,,,,,,
Stock distribution,2025-12-01 15:02:06,US6819191064,OMC,"Omnicom",,EOF42711569862,1.0320000000,0E-10,USD,,,"EUR",0.00,"EUR",,,,,,,,
Interest on cash,2025-12-02 02:03:28,,,,"Interest on cash",bf54c305-6ca5-40b6-87fb-55fe55af40ff,,,,,,,0.03,"EUR",,,,,,,,
Market sell,2025-12-02 14:16:50,IE00B3XXRP09,VUSA,"Vanguard S&P 500 (Dist)",,EOF42752565603,6.0000000000,98.2250100000,GBP,0.87961382,89.96,"EUR",669.00,"EUR",,,,,1.01,"EUR",,
Interest on cash,2025-12-03 02:03:07,,,,"Interest on cash",0eeed526-e1d4-499d-a546-e72b0b59774a,,,,,,,0.07,"EUR",,,,,,,,
Withdrawal,2025-12-04 00:35:06,,,,"Sent to Bank Account NTSBDEB1XXX / DE58100110012451191292",fb1d31ff-b060-44cc-b5f5-c8819d8d5fec,,,,,,,-600.00,"EUR",,,,,,,,
Interest on cash,2025-12-04 02:03:23,,,,"Interest on cash",f257c107-32ff-4abb-8337-687d5fe0752a,,,,,,,0.07,"EUR",,,,,,,,
Dividend (Dividend),2025-12-04 14:27:38,FR0000121329,HO,"Thales",,,0.0553159700,0.712500,EUR,1.00000000,,,0.04,"EUR",0.01,EUR,,,,,,
Dividend (Dividend),2025-12-04 14:32:41,FR0000121014,MC,"LVMH Moet Hennessy Louis Vuitton",,,0.3366125000,4.125000,EUR,1.00000000,,,1.39,"EUR",0.46,EUR,,,,,,
Interest on cash,2025-12-05 02:03:19,,,,"Interest on cash",1ea60adf-df86-4a2e-9eeb-5af679aab344,,,,,,,0.04,"EUR",,,,,,,,
Dividend (Dividend),2025-12-05 14:03:43,US21037T1097,CEG,"Constellation Energy",,,0.6105227100,0.329630,USD,0.84473476,,,0.17,"EUR",0.04,USD,,,,,,
Interest on cash,2025-12-06 02:03:11,,,,"Interest on cash",4cd3f8f7-660f-4144-b301-420b988382cf,,,,,,,0.03,"EUR",,,,,,,,
Interest on cash,2025-12-07 02:03:14,,,,"Interest on cash",84271992-89f7-4b34-a7ad-b79262cc555d,,,,,,,0.03,"EUR",,,,,,,,
Interest on cash,2025-12-08 02:03:15,,,,"Interest on cash",4385cba3-3416-4669-b7b2-5b70dc1afdd1,,,,,,,0.04,"EUR",,,,,,,,
Lending interest,2025-12-08 03:55:44,,,,"Share lending interest",8ed7f5f4-1bdd-4b34-aec3-15658e34e7d7,,,,,,,0.01,"EUR",,,,,,,,
Deposit,2025-12-08 06:30:47,,,,"Bank Transfer",cd9fc197-6690-4b4f-adb8-7d92b4ae6309,,,,,,,350.00,"EUR",,,,,,,,
Market buy,2025-12-08 08:00:36,IE00B3XXRP09,VUSA,"Vanguard S&P 500 (Dist)",,EOF43000186845,0.8913586800,98.0175000000,GBP,0.87499999,,"EUR",100.00,"EUR",,,,,0.15,"EUR",,
Dividend (Dividend),2025-12-08 13:56:25,IL0065100930,ZIM,"ZIM Integrated Shipping Services",,,5.0000000000,0.232500,USD,0.86021505,,,1.00,"EUR",0.39,USD,,,,,,
Market buy,2025-12-08 14:30:18,US87422Q1094,TLN,"Talen Energy",,EOF43055485742,0.0216907800,354.0000000000,USD,1.16517998,,"EUR",6.60,"EUR",,,,,0.01,"EUR",,
Market buy,2025-12-08 14:30:18,US15643U1043,LEU,"Centrus Energy",,EOF43055485745,0.3159314600,271.0000000000,USD,1.16517998,,"EUR",73.59,"EUR",,,,,0.11,"EUR",,
Interest on cash,2025-12-09 02:03:21,,,,"Interest on cash",bdd93852-7a6e-4c7e-903a-6d3a7c3f1ac9,,,,,,,0.04,"EUR",,,,,,,,
Stock split close,2025-12-09 07:42:17,GB00BVZK7T90,UNA,"Unilever",,EOF43061877749,0.2701659500,51.8200017400,EUR,1.00000000,0.00,"EUR",14.00,"EUR",,,,,,,,
Stock split open,2025-12-09 07:42:17,GB00BVZK7T90,UNA,"Unilever",,EOF43061877754,0.2401475100,58.2975022300,EUR,1.00000000,,"EUR",14.00,"EUR",,,,,,,,
Stock distribution,2025-12-09 15:16:10,NL0015002MS2,MICC,"Magnum Ice Cream",,EOF43104122541,0.0540331900,0E-10,EUR,,,"EUR",0.00,"EUR",,,,,,,,
Interest on cash,2025-12-10 02:03:22,,,,"Interest on cash",30cd3f6e-6b58-42f5-b91f-d6b385ec0e54,,,,,,,0.05,"EUR",,,,,,,,
Dividend (Dividend),2025-12-10 13:41:36,US70450Y1038,PYPL,"PayPal",,,0.8453140500,0.119000,USD,0.89470004,,,0.09,"EUR",0.02,USD,,,,,,
Interest on cash,2025-12-11 02:02:57,,,,"Interest on cash",8388c216-fd2b-4967-a44b-cb75245d7070,,,,,,,0.04,"EUR",,,,,,,,
Dividend (Dividend),2025-12-11 14:59:17,US5949181045,MSFT,"Microsoft",,,1.5630146400,0.773500,USD,0.85194951,,,1.03,"EUR",0.21,USD,,,,,,
Interest on cash,2025-12-12 02:02:43,,,,"Interest on cash",28d21abe-f1c4-4501-96ed-d391e80cceea,,,,,,,0.05,"EUR",,,,,,,,
Interest on cash,2025-12-13 02:02:46,,,,"Interest on cash",10013b74-4da4-4a9e-9c2b-fd4b53d5a2d0,,,,,,,0.04,"EUR",,,,,,,,
Interest on cash,2025-12-14 02:02:51,,,,"Interest on cash",d6c9965b-6781-4cde-96c1-48a27b0bd36e,,,,,,,0.05,"EUR",,,,,,,,
Interest on cash,2025-12-15 02:02:49,,,,"Interest on cash",088b65a0-cc8e-4756-85bd-92a4f5f48121,,,,,,,0.04,"EUR",,,,,,,,
Lending interest,2025-12-15 03:56:36,,,,"Share lending interest",ebb9b20c-306e-46bf-ada3-58901c75456d,,,,,,,0.01,"EUR",,,,,,,,
Dividend (Dividend),2025-12-15 14:31:27,US02079K3059,GOOGL,"Alphabet (Class A)",,,3.6235294700,0.178500,USD,0.85034012,,,0.55,"EUR",0.11,USD,,,,,,
Interest on cash,2025-12-16 02:02:41,,,,"Interest on cash",b90383e4-9630-418d-a123-20af6ca712e1,,,,,,,0.05,"EUR",,,,,,,,
Dividend (Dividend),2025-12-16 13:17:37,CA13321L1085,CCJ,"Cameco",,,2.4688599600,0.148192,USD,0.84730638,,,0.31,"EUR",0.06,USD,,,,,,
Market buy,2025-12-17 00:21:01,US88339J1051,TTD,"Trade Desk",,EOF43455786126,2.0000000000,36.5600000000,USD,1.17461847,,"EUR",62.34,"EUR",,,,,0.09,"EUR",,
Interest on cash,2025-12-17 02:02:48,,,,"Interest on cash",b2179a79-cbff-4921-b1ac-d0d1f20b74d0,,,,,,,0.04,"EUR",,,,,,,,
Market buy,2025-12-17 08:00:08,IE00B4L5Y983,IWDA,"iShares Core MSCI World (Acc)",,EOF43455792933,1.3567318200,129.3200000000,USD,1.17147999,,"EUR",150.00,"EUR",,,,,0.23,"EUR",,
Market buy,2025-12-17 08:04:18,IE000QOU09J7,FXAC,"iShares China Large Cap (Acc)",,EOF43458154615,11.4945171100,4.3499000000,EUR,1.00000000,,"EUR",50.00,"EUR",,,,,,,,
Interest on cash,2025-12-18 02:02:44,,,,"Interest on cash",559ebf72-7edf-4844-a640-0f5c9644c83d,,,,,,,0.03,"EUR",,,,,,,,
Market buy,2025-12-18 08:00:25,IE00B4ND3602,EGLN,"iShares Physical Gold",,EOF43506039814,0.6976419700,71.6700000000,EUR,1.00000000,,"EUR",50.00,"EUR",,,,,,,,
Market buy,2025-12-18 14:30:00,US64110L1061,NFLX,"Netflix",,EOF43551917630,0.2488625800,95.1000000000,USD,1.17394996,,"EUR",20.19,"EUR",,,,,0.03,"EUR",,
Market buy,2025-12-18 14:30:00,US70450Y1038,PYPL,"PayPal",,EOF43551917600,0.0415052600,59.6800000000,USD,1.17394972,,"EUR",2.11,"EUR",,,,,,,,
Market buy,2025-12-18 14:30:01,US5949181045,MSFT,"Microsoft",,EOF43551921341,0.0237976000,479.0000000000,USD,1.17394957,,"EUR",9.72,"EUR",,,,,0.01,"EUR",,
Interest on cash,2025-12-19 02:02:58,,,,"Interest on cash",3b1d881f-0a88-4ff5-83b5-16890e9b56ff,,,,,,,0.03,"EUR",,,,,,,,
Market buy,2025-12-19 08:00:11,DE0005140008,DBK,"Deutsche Bank",,EOF43556239913,0.6506828500,32.9500000000,EUR,1.00000000,,"EUR",21.44,"EUR",,,,,,,,
Market buy,2025-12-19 08:00:32,GB0031348658,BARC,"Barclays",,EOF43556243005,2.5342839200,467.3000000000,GBX,87.59399969,,"EUR",13.61,"EUR",,,0.07,"EUR",0.02,"EUR",,
Market buy,2025-12-19 08:00:36,ES0113900J37,BNC,"Banco Santander",,EOF43556246112,1.7248903700,875.0000000000,GBX,87.59599963,,"EUR",17.26,"EUR",,,,,0.03,"EUR",,
Interest on cash,2025-12-20 02:03:00,,,,"Interest on cash",251b76f1-df06-41b8-b788-d2bad99dfd46,,,,,,,0.02,"EUR",,,,,,,,
Interest on cash,2025-12-21 02:03:00,,,,"Interest on cash",33f40852-8d1d-4bd6-9fb8-d3475419f3af,,,,,,,0.02,"EUR",,,,,,,,
Interest on cash,2025-12-22 02:02:58,,,,"Interest on cash",dd94b4da-0586-4aae-92a1-5ba9ef1792d4,,,,,,,0.02,"EUR",,,,,,,,
Lending interest,2025-12-22 04:05:15,,,,"Share lending interest",ec41c142-6f51-49f4-81b3-d0c5fc00d65c,,,,,,,0.01,"EUR",,,,,,,,
Market buy,2025-12-22 08:00:39,IE00B3XXRP09,VUSA,"Vanguard S&P 500 (Dist)",,EOF43700160497,0.9019138800,96.8250000000,GBP,0.87458999,,"EUR",100.00,"EUR",,,,,0.15,"EUR",,
Market buy,2025-12-22 14:30:04,US0079031078,AMD,"Advanced Micro Devices",,EOF43754864359,0.0263814400,220.1700000000,USD,1.17578980,,"EUR",4.95,"EUR",,,,,0.01,"EUR",,
Market buy,2025-12-22 14:30:11,US0378331005,AAPL,"Apple",,EOF43754877574,0.2024205800,272.9600000000,USD,1.17583999,,"EUR",47.06,"EUR",,,,,0.07,"EUR",,
Market buy,2025-12-22 14:30:27,US02079K3059,GOOGL,"Alphabet (Class A)",,EOF43759564519,0.0709964000,310.0400000000,USD,1.17583994,,"EUR",18.75,"EUR",,,,,0.03,"EUR",,
Interest on cash,2025-12-23 02:03:01,,,,"Interest on cash",ea83e1b5-d8e5-446d-a161-c6374af94d06,,,,,,,0.01,"EUR",,,,,,,,
Market buy,2025-12-23 07:05:01,JP3898400001,MBI,"Mitsubishi",,EOF43765801889,0.3798568500,19.5600000000,EUR,1.00000000,,"EUR",7.43,"EUR",,,,,,,,
Market buy,2025-12-23 08:00:01,ES0144580Y14,IBE,"Iberdrola",,EOF43765804335,0.3962368500,18.0700000000,EUR,1.00000000,,"EUR",7.16,"EUR",,,,,,,,
Market buy,2025-12-23 08:00:06,DE0005552004,DHL,"DHL Group",,EOF43765805057,0.1579172900,46.6700000000,EUR,1.00000000,,"EUR",7.37,"EUR",,,,,,,,
Market buy,2025-12-23 08:00:15,FR0000120271,TTE,"TotalEnergies",,EOF43765805719,0.1469482700,55.8700000000,EUR,1.00000000,,"EUR",8.24,"EUR",,,,,,,0.03,"EUR"
Market buy,2025-12-23 08:00:16,FR0000125486,DG,"Vinci",,EOF43765805864,0.0605833300,120.0000000000,EUR,1.00000000,,"EUR",7.30,"EUR",,,,,,,0.03,"EUR"
Market buy,2025-12-23 08:00:20,DE0005557508,DTE,"Deutsche Telekom",,EOF43765806134,0.1852930400,27.4700000000,EUR,1.00000000,,"EUR",5.09,"EUR",,,,,,,,
Market buy,2025-12-23 08:00:21,DE0008404005,ALV,"Allianz",,EOF43765806187,0.0185232400,391.4000000000,EUR,1.00000000,,"EUR",7.25,"EUR",,,,,,,,
Market buy,2025-12-23 08:00:21,FR0000120578,SAN,"Sanofi",,EOF43765806208,0.0950281600,81.6600000000,EUR,1.00000000,,"EUR",7.79,"EUR",,,,,,,0.03,"EUR"
Market buy,2025-12-23 08:00:23,GB00BVZK7T90,UNA,"Unilever",,EOF43765806271,0.1388086600,55.4000000000,EUR,1.00000000,,"EUR",7.69,"EUR",,,,,,,,
Market buy,2025-12-23 08:00:38,AU000000BHP4,BHP,"BHP Group",,EOF43765811676,0.2182068900,2251.0000000000,GBX,87.24399811,,"EUR",5.64,"EUR",,,,,0.01,"EUR",,
Market buy,2025-12-23 08:00:51,CH0012005267,NOVN,"Novartis",,EOF43765814606,0.0554269800,109.0000000000,CHF,0.93089997,,"EUR",6.50,"EUR",,,,,0.01,"EUR",,
Market buy,2025-12-23 08:00:51,CH0038863350,NESN,"Nestle",,EOF43765814635,0.0872084900,78.0300000000,CHF,0.93089992,,"EUR",7.32,"EUR",,,,,0.01,"EUR",,
Dividend (Dividend),2025-12-23 12:11:52,US30303M1027,META,"Meta Platforms",,,1.1951283300,0.446250,USD,0.84376157,,,0.45,"EUR",0.09,USD,,,,,,
Market buy,2025-12-23 14:30:06,US91912E1055,VALE,"Vale",,EOF43801896734,0.6908727500,13.1900000000,USD,1.17733999,,"EUR",7.75,"EUR",,,,,0.01,"EUR",,
Market buy,2025-12-23 14:30:06,US4381283088,HMC,"Honda Motor",,EOF43801892283,0.2863719300,30.3000000000,USD,1.17734999,,"EUR",7.38,"EUR",,,,,0.01,"EUR",,
Interest on cash,2025-12-24 02:02:47,,,,"Interest on cash",bafe0ad8-7da9-4250-8781-fb64649b09fb,,,,,,,0.01,"EUR",,,,,,,,
Lending interest,2025-12-25 04:11:30,,,,"Share lending interest",8119be1d-5c18-40b4-95ca-b493f5c96717,,,,,,,0.07,"EUR",,,,,,,,
Interest on cash,2025-12-26 02:02:40,,,,"Interest on cash",57768b4d-bd9b-4aec-a0e4-522458d9ead4,,,,,,,0.01,"EUR",,,,,,,,
Lending interest,2025-12-26 04:08:53,,,,"Share lending interest",31447985-34a2-4c30-b286-7707d98cc461,,,,,,,0.07,"EUR",,,,,,,,
Dividend (Dividend),2025-12-26 12:24:12,US67066G1040,NVDA,"Nvidia",,,8.7741304700,0.008500,USD,0.80450405,,,0.06,"EUR",0.01,USD,,,,,,
Lending interest,2025-12-27 04:18:00,,,,"Share lending interest",28f2ca8f-7ae3-4761-b4f9-c1c1161b351d,,,,,,,0.07,"EUR",,,,,,,,
Interest on cash,2025-12-28 02:02:43,,,,"Interest on cash",e1be163f-7244-4bcb-9b3b-073cf87be25d,,,,,,,0.01,"EUR",,,,,,,,
Lending interest,2025-12-29 04:21:54,,,,"Share lending interest",d62a83c2-64de-4bbb-bb33-3a23e6a2469d,,,,,,,0.15,"EUR",,,,,,,,
Deposit,2025-12-29 08:01:14,,,,"Bank Transfer",71023210-6520-4aff-8f50-7a2c8f0c6de5,,,,,,,500.00,"EUR",,,,,,,,
Interest on cash,2025-12-30 02:02:46,,,,"Interest on cash",792618d7-32f2-44f6-a079-ed95968639be,,,,,,,0.04,"EUR",,,,,,,,
Lending interest,2025-12-30 04:25:50,,,,"Share lending interest",b529fdd8-dcfb-411d-a2fd-41b63118df3f,,,,,,,0.07,"EUR",,,,,,,,
Interest on cash,2025-12-31 02:02:41,,,,"Interest on cash",c85bf5f2-89c8-4b6f-9e88-d79aa8f8c60c,,,,,,,0.03,"EUR",,,,,,,,
Lending interest,2025-12-31 04:15:14,,,,"Share lending interest",61d07ae5-987f-4fbe-8a6b-1035558558a5,,,,,,,0.07,"EUR",,,,,,,,
Dividend (Dividend),2025-12-31 14:53:18,IE00B3XXRP09,VUSA,"Vanguard S&P 500 (Dist)",,,90.2437547900,0.222260,GBP,1.14570170,,,22.98,"EUR",-0.00,GBP,,,,,,
Market buy,2025-12-31 17:24:56,US88339J1051,TTD,"Trade Desk",,EOF44203140625,2.5000000000,38.1400000000,USD,1.17353846,,"EUR",81.37,"EUR",,,,,0.12,"EUR",,
Interest on cash,2026-01-01 02:02:43,,,,"Interest on cash",845410d1-f4d4-4efe-a314-58838de75ec5,,,,,,,0.03,"EUR",,,,,,,,
Lending interest,2026-01-01 04:14:25,,,,"Share lending interest",e1a1ea90-4696-4b8e-9ba1-e86e5d1c37ec,,,,,,,0.05,"EUR",,,,,,,,
Interest on cash,2026-01-02 02:02:48,,,,"Interest on cash",c5140b5d-f794-46de-a1af-79765764822c,,,,,,,0.03,"EUR",,,,,,,,
Lending interest,2026-01-02 04:17:50,,,,"Share lending interest",b8bb6533-66f4-4ad2-a250-cd2fc3894123,,,,,,,0.05,"EUR",,,,,,,,
Market buy,2026-01-02 08:00:32,IE00B3XXRP09,VUSA,"Vanguard S&P 500 (Dist)",,EOF44250214870,0.2066365200,96.8150000000,GBP,0.87169998,,"EUR",22.98,"EUR",,,,,0.03,"EUR",,
Interest on cash,2026-01-03 02:02:47,,,,"Interest on cash",f6c82af7-bc97-4a70-b5ff-5a4300605441,,,,,,,0.03,"EUR",,,,,,,,
Interest on cash,2026-01-04 02:02:49,,,,"Interest on cash",c43eaeeb-ca89-4af6-be75-4e45f934e12a,,,,,,,0.03,"EUR",,,,,,,,
Interest on cash,2026-01-05 02:02:46,,,,"Interest on cash",66bf1000-906e-4ce4-aade-94f26ad4d27a,,,,,,,0.03,"EUR",,,,,,,,
Market buy,2026-01-05 08:04:29,IE00B3XXRP09,VUSA,"Vanguard S&P 500 (Dist)",,EOF44451456694,0.8966108900,96.9600100000,GBP,0.87065999,,"EUR",100.00,"EUR",,,,,0.15,"EUR",,
Dividend (Dividend),2026-01-05 14:01:10,FR0000120271,TTE,"TotalEnergies",,,0.4290222300,0.637500,EUR,1.00000000,,,0.27,"EUR",0.09,EUR,,,,,,
Interest on cash,2026-01-06 02:02:59,,,,"Interest on cash",899d6552-f9ec-40d5-958a-8dff1e379d6d,,,,,,,0.03,"EUR",,,,,,,,
Interest on cash,2026-01-07 02:02:57,,,,"Interest on cash",a1f46a1a-de47-4786-8bdd-2cdab4c4d528,,,,,,,0.02,"EUR",,,,,,,,
Deposit,2026-01-07 06:15:20,,,,"Bank Transfer",4983f219-e7e9-46c2-a1a2-d684dbd93180,,,,,,,350.00,"EUR",,,,,,,,
Market buy,2026-01-07 08:00:42,IE000M7V94E1,NUCG,"VanEck Uranium and Nuclear Technologies",,EOF44514452335,0.6882892700,45.4050000000,GBP,0.86593999,,"EUR",36.14,"EUR",,,,,0.05,"EUR",,
Market buy,2026-01-07 14:30:12,US87422Q1094,TLN,"Talen Energy",,EOF44551649646,0.0372135000,398.0000000000,USD,1.16897971,,"EUR",12.69,"EUR",,,,,0.02,"EUR",,
Market buy,2026-01-07 14:30:12,US21037T1097,CEG,"Constellation Energy",,EOF44554261380,0.0776150600,353.3400000000,USD,1.16898999,,"EUR",23.50,"EUR",,,,,0.04,"EUR",,
Market buy,2026-01-07 14:34:08,US67079K1007,SMR,"NuScale Power",,EOF44554277345,0.4976234400,18.7000000000,USD,1.16903999,,"EUR",7.97,"EUR",,,,,0.01,"EUR",,
Interest on cash,2026-01-08 02:02:56,,,,"Interest on cash",88cfc1d1-2bd8-4341-9a52-2471c465d18c,,,,,,,0.04,"EUR",,,,,,,,
Dividend (Dividend),2026-01-08 13:32:20,US8740391003,TSM,"Taiwan Semiconductor Manufacturing",,,1.4557011100,0.628382,USD,0.85270469,,,0.78,"EUR",0.24,USD,,,,,,
Dividend (Dividend),2026-01-08 13:58:53,US79466L3024,CRM,"Salesforce",,,0.6676614000,0.353600,USD,0.84715225,,,0.20,"EUR",0.04,USD,,,,,,
Interest on cash,2026-01-09 02:02:58,,,,"Interest on cash",019ba07e-1d8b-7360-b201-f477b74e0d80,,,,,,,0.04,"EUR",,,,,,,,
Dividend (Dividend),2026-01-09 14:36:36,US6819191064,OMC,"Omnicom",,,0.1188820800,0.680000,USD,0.86590995,,,0.07,"EUR",0.01,USD,,,,,,
Dividend (Dividend manufactured payment),2026-01-09 14:36:36,US6819191064,OMC,"Omnicom",,,0.9131179200,0.680000,USD,0.85357186,,,0.53,"EUR",0.11,USD,,,,,,
Interest on cash,2026-01-10 02:03:00,,,,"Interest on cash",019ba5a4-818b-75b9-a366-81255b3de1ed,,,,,,,0.04,"EUR",,,,,,,,
Interest on cash,2026-01-11 02:02:59,,,,"Interest on cash",019baaca-dc3b-73cf-abe6-62890b5e1edd,,,,,,,0.04,"EUR",,,,,,,,
Interest on cash,2026-01-12 02:02:52,,,,"Interest on cash",019baff1-1bd9-70a8-885c-0118ff6425ec,,,,,,,0.05,"EUR",,,,,,,,
Lending interest,2026-01-12 04:07:44,,,,"Share lending interest",019bb063-6cb8-7772-8ede-fd801f4f41c1,,,,,,,0.01,"EUR",,,,,,,,
Interest on cash,2026-01-13 02:02:43,,,,"Interest on cash",019bb517-55e2-7645-b03d-23b8a149260b,,,,,,,0.04,"EUR",,,,,,,,
Interest on cash,2026-01-14 02:02:37,,,,"Interest on cash",019bba3d-979b-790d-a19e-98e53ebefae5,,,,,,,0.04,"EUR",,,,,,,,
Market sell,2026-01-14 08:00:34,VGG7223M1187,PREM,"Premier African Minerals",,EOF44861544319,24447.1862000000,0.0420000000,GBX,86.64825488,-58.04,"EUR",11.83,"EUR",,,,,0.02,"EUR",,
Dividend (Dividend),2026-01-14 13:54:07,US91912E1055,VALE,"Vale",,,1.4595276800,0.225441,USD,0.85096714,,,0.28,"EUR",0.00,USD,,,,,,
Dividend (Dividend),2026-01-14 13:56:59,US5951121038,MU,"Micron Technology",,,2.2674110200,0.097750,USD,0.85724819,,,0.19,"EUR",0.04,USD,,,,,,
Market sell,2026-01-14 18:13:32,US0381692070,APLD,"Applied Digital",,EOF44909455344,3.0000000000,35.1100000000,USD,1.16451077,67.59,"EUR",90.31,"EUR",,,,,0.14,"EUR",,
Market sell,2026-01-14 18:19:50,US80512Q5018,NITO,"N2OFF",,EOF44909456641,31.1627493800,1.6100000000,USD,1.16435429,-166.57,"EUR",43.03,"EUR",,,,,0.06,"EUR",,
Interest on cash,2026-01-15 02:02:45,,,,"Interest on cash",019bbf64-12ef-7c89-b594-be181d50ac1d,,,,,,,0.04,"EUR",,,,,,,,
Market buy,2026-01-15 20:16:26,US0378331005,AAPL,"Apple",,EOF44960941880,0.3166813300,257.5200000000,USD,1.16120996,,"EUR",70.34,"EUR",,,,,0.11,"EUR",,
Market buy,2026-01-15 20:16:27,US02079K3059,GOOGL,"Alphabet (Class A)",,EOF44960941883,0.2305294500,332.2500000000,USD,1.16120997,,"EUR",66.06,"EUR",,,,,0.10,"EUR",,
Market buy,2026-01-15 20:16:27,US0079031078,AMD,"Advanced Micro Devices",,EOF44960941886,0.3227426000,231.0600000000,USD,1.16120998,,"EUR",64.32,"EUR",,,,,0.10,"EUR",,
Market buy,2026-01-15 20:54:22,US64110L1061,NFLX,"Netflix",,EOF44960948738,0.8000000000,88.0700000000,USD,1.16053368,,"EUR",60.80,"EUR",,,,,0.09,"EUR",,
Interest on cash,2026-01-16 02:02:41,,,,"Interest on cash",019bc48a-6163-7780-9e1e-fe4b5c561c8c,,,,,,,0.04,"EUR",,,,,,,,
Dividend (Dividend),2026-01-16 11:56:10,GB0009697037,BAB,"Babcock International",,,0.8266051300,2.500000,GBX,0.00967813,,,0.02,"EUR",0.00,GBX,,,,,,
Interest on cash,2026-01-17 02:02:41,,,,"Interest on cash",019bc9b0-bbda-7da1-9077-59512b49daa7,,,,,,,0.03,"EUR",,,,,,,,
Interest on cash,2026-01-18 02:02:46,,,,"Interest on cash",019bced7-2b69-7abb-b098-896897695632,,,,,,,0.04,"EUR",,,,,,,,
Interest on cash,2026-01-19 02:02:40,,,,"Interest on cash",019bd3fd-7100-7a40-aa53-413646748645,,,,,,,0.03,"EUR",,,,,,,,
Market buy,2026-01-19 08:00:15,IE00B4L5Y983,IWDA,"iShares Core MSCI World (Acc)",,EOF45052595550,1.3212373000,131.8000000000,USD,1.16270999,,"EUR",150.00,"EUR",,,,,0.23,"EUR",,
Market buy,2026-01-19 08:00:18,IE00B4ND3602,EGLN,"iShares Physical Gold",,EOF45052596513,0.8984725900,77.9100000000,EUR,1.00000000,,"EUR",70.00,"EUR",,,,,,,,
Market buy,2026-01-19 08:00:37,IE00B3XXRP09,VUSA,"Vanguard S&P 500 (Dist)",,EOF45250209008,0.8907183100,97.3425000000,GBP,0.86834999,,"EUR",100.00,"EUR",,,,,0.15,"EUR",,
Market buy,2026-01-19 08:04:29,IE000QOU09J7,FXAC,"iShares China Large Cap (Acc)",,EOF45300553884,0.8771084200,4.4599000000,EUR,1.00000000,,"EUR",3.91,"EUR",,,,,,,,
Market buy,2026-01-19 08:04:29,IE000QOU09J7,FXAC,"iShares China Large Cap (Acc)",,EOF45300554022,10.3308378500,4.4614000000,EUR,1.00000000,,"EUR",46.09,"EUR",,,,,,,,
Market buy,2026-01-19 08:18:49,DE0005140008,DBK,"Deutsche Bank",,EOF45300586012,0.6023877800,33.0850000000,EUR,1.00000000,,"EUR",19.93,"EUR",,,,,,,,
Market buy,2026-01-19 08:18:49,GB0031348658,BARC,"Barclays",,EOF45300586009,2.7377667000,481.8000000000,GBX,86.77999974,,"EUR",15.30,"EUR",,,0.08,"EUR",0.02,"EUR",,
Market buy,2026-01-19 08:18:49,ES0113900J37,BNC,"Banco Santander",,EOF45300586025,1.4102783400,907.0000000000,GBX,86.77899961,,"EUR",14.76,"EUR",,,,,0.02,"EUR",,
Interest on cash,2026-01-20 02:02:37,,,,"Interest on cash",019bd923-be65-7641-9d5e-cd08890bd904,,,,,,,0.01,"EUR",,,,,,,,
Lending interest,2026-01-20 04:06:10,,,,"Share lending interest",019bd994-dbb5-7593-b042-f89c7ef9e52a,,,,,,,0.01,"EUR",,,,,,,,
Market buy,2026-01-20 14:30:02,US70450Y1038,PYPL,"PayPal",,EOF45355816854,0.0405159000,55.5700000000,USD,1.17263987,,"EUR",1.92,"EUR",,,,,,,,
Market buy,2026-01-20 14:30:07,US0079031078,AMD,"Advanced Micro Devices",,EOF45355823832,0.1182680600,226.2800000000,USD,1.17272991,,"EUR",22.85,"EUR",,,,,0.03,"EUR",,
Market buy,2026-01-20 14:30:08,US02079K3059,GOOGL,"Alphabet (Class A)",,EOF45355826408,0.0902564100,321.3000000000,USD,1.17263989,,"EUR",24.77,"EUR",,,,,0.04,"EUR",,
Market buy,2026-01-20 14:30:08,US64110L1061,NFLX,"Netflix",,EOF45355832617,0.1517908800,89.0000000000,USD,1.17268995,,"EUR",11.54,"EUR",,,,,0.02,"EUR",,
Market buy,2026-01-20 14:30:16,US79466L3024,CRM,"Salesforce",,EOF45355840068,0.0536055600,223.8000000000,USD,1.17271987,,"EUR",10.25,"EUR",,,,,0.02,"EUR",,
Market buy,2026-01-20 14:30:25,US0378331005,AAPL,"Apple",,EOF45358162195,0.1036499600,252.7600000000,USD,1.17271995,,"EUR",22.37,"EUR",,,,,0.03,"EUR",,
Market buy,2026-01-20 14:30:33,US5949181045,MSFT,"Microsoft",,EOF45358183528,0.0170769800,451.8500000000,USD,1.17267985,,"EUR",6.59,"EUR",,,,,0.01,"EUR",,
Dividend (Dividend),2026-01-21 15:10:04,US17275R1023,CSCO,"Cisco Systems",,,2.1187581600,0.348500,USD,0.85321086,,,0.63,"EUR",0.13,USD,,,,,,
Deposit,2026-01-23 08:21:19,,,,,019be9f1-8bfa-7b48-bc19-3389999b4e09,,,,,,,100.00,"EUR",,,,,,,,
Market buy,2026-01-23 08:22:06,DE0005557508,DTE,"Deutsche Telekom",,EOF45464076295,0.2103896100,26.9500000000,EUR,1.00000000,,"EUR",5.67,"EUR",,,,,,,,
Market buy,2026-01-23 08:22:07,DE0008404005,ALV,"Allianz",,EOF45464076310,0.0270240900,369.3000000000,EUR,1.00000000,,"EUR",9.98,"EUR",,,,,,,,
Market buy,2026-01-23 08:22:07,FR0000120271,TTE,"TotalEnergies",,EOF45464076313,0.1408131200,57.3100000000,EUR,1.00000000,,"EUR",8.10,"EUR",,,,,,,0.03,"EUR"
Market buy,2026-01-23 08:22:07,CH0038863350,NESN,"Nestle",,EOF45464076319,0.1139485100,72.8600000000,CHF,0.92762999,,"EUR",8.96,"EUR",,,,,0.01,"EUR",,
Market buy,2026-01-23 08:22:07,ES0144580Y14,IBE,"Iberdrola",,EOF45464076316,0.3936922200,18.3900000000,EUR,1.00000000,,"EUR",7.24,"EUR",,,,,,,,
Market buy,2026-01-23 08:22:09,FR0000120578,SAN,"Sanofi",,EOF45464076334,0.1005754300,79.9400000000,EUR,1.00000000,,"EUR",8.07,"EUR",,,,,,,0.03,"EUR"
Market buy,2026-01-23 08:22:09,AU000000BHP4,BHP,"BHP Group",,EOF45464076350,0.2044870500,2450.0000000000,GBX,86.97799869,,"EUR",5.77,"EUR",,,,,0.01,"EUR",,
Market buy,2026-01-23 08:22:10,FR0000125486,DG,"Vinci",,EOF45464076356,0.0690567600,117.1500000000,EUR,1.00000000,,"EUR",8.12,"EUR",,,,,,,0.03,"EUR"
Market buy,2026-01-23 08:22:10,DE0005552004,DHL,"DHL Group",,EOF45464076362,0.1922494000,46.1900000000,EUR,1.00000000,,"EUR",8.88,"EUR",,,,,,,,
Market buy,2026-01-23 08:22:15,CH0012005267,NOVN,"Novartis",,EOF45464076465,0.0499295400,115.5600000000,CHF,0.92762984,,"EUR",6.23,"EUR",,,,,0.01,"EUR",,
Market buy,2026-01-23 08:22:15,GB00BVZK7T90,UNA,"Unilever",,EOF45464076501,0.1326658300,55.9300000000,EUR,1.00000000,,"EUR",7.42,"EUR",,,,,,,,
Market buy,2026-01-23 08:22:29,JP3898400001,MBI,"Mitsubishi",,EOF45464076877,0.2432989600,21.8250000000,EUR,1.00000000,,"EUR",5.31,"EUR",,,,,,,,
Dividend (Dividend),2026-01-23 10:29:08,US68389X1054,ORCL,"Oracle",,,4.0764114000,0.425000,USD,0.85426925,,,1.48,"EUR",0.31,USD,,,,,,
Market buy,2026-01-23 14:30:14,US91912E1055,VALE,"Vale",,EOF45506033025,0.2614157600,15.9500000000,USD,1.17452996,,"EUR",3.56,"EUR",,,,,0.01,"EUR",,
Market buy,2026-01-23 14:30:14,US4381283088,HMC,"Honda Motor",,EOF45506033021,0.2764498400,30.7600000000,USD,1.17452998,,"EUR",7.25,"EUR",,,,,0.01,"EUR",,
Interest on cash,2026-01-24 02:02:37,,,,"Interest on cash",019bedbd-30c9-7c88-a039-320e020350e7,,,,,,,0.01,"EUR",,,,,,,,